Brain name,Time to update policy,Time since start of training,Time for last experience collection,Number of experiences used for training,Mean return
CrawlerDynamicLearning,7.046,33.504,24.526,22691,5.757
CrawlerDynamicLearning,7.069,67.250,25.626,22647,8.913
CrawlerDynamicLearning,7.052,100.958,25.586,22870,-3.522
CrawlerDynamicLearning,7.070,133.289,24.156,22987,-0.381
CrawlerDynamicLearning,6.377,161.994,21.376,20768,1.383
CrawlerDynamicLearning,6.411,190.082,20.778,20360,-6.623
CrawlerDynamicLearning,6.376,218.381,21.017,20795,-5.848
CrawlerDynamicLearning,6.394,247.294,21.618,20430,3.209
CrawlerDynamicLearning,6.386,274.815,20.253,20681,-3.574
CrawlerDynamicLearning,6.370,303.661,21.561,20352,7.327
CrawlerDynamicLearning,6.376,332.646,21.659,21205,-2.161
CrawlerDynamicLearning,6.377,360.837,20.916,20371,-3.257
CrawlerDynamicLearning,6.434,389.654,21.476,20882,-3.634
CrawlerDynamicLearning,6.331,417.116,20.269,20803,-5.683
CrawlerDynamicLearning,6.389,445.497,21.103,21000,-0.999
CrawlerDynamicLearning,6.401,475.654,22.780,21517,6.954
CrawlerDynamicLearning,6.377,504.094,21.151,21055,11.835
CrawlerDynamicLearning,6.403,532.156,20.766,20788,7.136
CrawlerDynamicLearning,6.346,562.680,23.213,20676,1.718
CrawlerDynamicLearning,6.405,590.792,20.787,21946,10.528
CrawlerDynamicLearning,6.396,619.295,21.220,20548,22.158
CrawlerDynamicLearning,6.394,648.175,21.585,21042,13.043
CrawlerDynamicLearning,6.410,677.839,22.275,21000,8.260
CrawlerDynamicLearning,6.391,705.568,20.415,20410,17.081
CrawlerDynamicLearning,6.404,733.067,20.233,20524,26.352
CrawlerDynamicLearning,6.417,760.740,20.352,20447,23.746
CrawlerDynamicLearning,6.365,789.753,21.723,20641,26.278
CrawlerDynamicLearning,6.402,819.182,22.087,20877,33.464
CrawlerDynamicLearning,6.391,846.046,19.385,21236,22.722
CrawlerDynamicLearning,6.364,875.521,22.184,20739,29.441
CrawlerDynamicLearning,6.344,904.765,21.938,20512,34.337
CrawlerDynamicLearning,6.350,932.471,20.492,20429,32.944
CrawlerDynamicLearning,6.400,959.181,19.448,20693,42.441
CrawlerDynamicLearning,6.351,988.996,22.489,20843,30.363
CrawlerDynamicLearning,6.358,1018.580,22.259,20467,49.418
CrawlerDynamicLearning,6.398,1044.292,18.547,20320,54.289
CrawlerDynamicLearning,6.324,1071.994,20.477,20426,58.660
CrawlerDynamicLearning,6.396,1101.601,22.264,20439,71.425
CrawlerDynamicLearning,6.357,1130.372,21.518,20463,60.712
CrawlerDynamicLearning,6.387,1157.904,20.282,20454,75.801
CrawlerDynamicLearning,6.368,1185.900,20.732,20325,68.078
CrawlerDynamicLearning,6.358,1213.176,20.071,20700,90.666
CrawlerDynamicLearning,6.372,1241.820,21.341,20320,80.452
CrawlerDynamicLearning,6.362,1268.043,19.055,20582,84.938
CrawlerDynamicLearning,6.404,1297.710,22.289,20476,76.485
CrawlerDynamicLearning,6.380,1328.012,22.939,20464,70.517
CrawlerDynamicLearning,6.345,1354.334,19.158,20914,67.698
CrawlerDynamicLearning,6.353,1383.205,21.567,20853,59.035
CrawlerDynamicLearning,6.398,1412.364,21.821,21143,66.807
CrawlerDynamicLearning,6.381,1440.381,20.769,20382,82.055
CrawlerDynamicLearning,6.403,1468.055,20.354,20882,79.846
CrawlerDynamicLearning,6.362,1496.582,21.277,20894,97.273
CrawlerDynamicLearning,6.409,1526.148,22.190,20347,91.497
CrawlerDynamicLearning,6.354,1555.660,22.191,21009,94.422
CrawlerDynamicLearning,6.441,1583.081,20.123,20958,91.160
CrawlerDynamicLearning,6.403,1612.578,22.241,20915,100.889
CrawlerDynamicLearning,6.382,1641.641,21.771,20616,111.414
CrawlerDynamicLearning,6.375,1672.168,22.968,20327,115.570
CrawlerDynamicLearning,6.380,1700.557,21.137,20334,107.765
CrawlerDynamicLearning,6.560,1727.717,19.749,20526,148.181
CrawlerDynamicLearning,6.401,1760.175,24.997,20719,108.774
CrawlerDynamicLearning,6.389,1787.843,20.470,20885,146.216
CrawlerDynamicLearning,6.388,1819.268,24.058,20773,137.820
CrawlerDynamicLearning,6.342,1844.753,18.389,20280,111.836
CrawlerDynamicLearning,6.374,1875.747,23.631,21101,171.121
CrawlerDynamicLearning,6.358,1903.940,20.969,20565,154.637
CrawlerDynamicLearning,6.362,1934.349,23.078,20366,149.704
CrawlerDynamicLearning,6.361,1961.396,19.847,20828,143.052
CrawlerDynamicLearning,6.363,1990.827,22.119,20721,152.344
CrawlerDynamicLearning,6.346,2021.290,23.140,21088,153.480
CrawlerDynamicLearning,6.367,2050.004,21.437,20951,133.007
CrawlerDynamicLearning,6.369,2079.624,22.317,20500,162.660
CrawlerDynamicLearning,6.328,2109.426,22.529,20549,162.230
CrawlerDynamicLearning,6.336,2138.840,22.169,21008,184.187
CrawlerDynamicLearning,6.348,2167.424,21.335,20661,155.573
CrawlerDynamicLearning,6.376,2195.632,20.917,21009,170.528
CrawlerDynamicLearning,6.407,2225.602,22.587,20348,215.411
CrawlerDynamicLearning,6.384,2255.407,22.515,21122,218.989
CrawlerDynamicLearning,6.361,2285.385,22.676,20308,182.674
CrawlerDynamicLearning,6.359,2312.015,19.470,20484,208.200
CrawlerDynamicLearning,6.368,2340.033,20.770,20903,178.830
CrawlerDynamicLearning,6.353,2371.032,23.646,20384,173.295
CrawlerDynamicLearning,6.313,2400.151,21.914,20690,169.776
CrawlerDynamicLearning,6.308,2428.099,20.824,20258,177.517
CrawlerDynamicLearning,6.336,2456.448,21.110,20702,218.085
CrawlerDynamicLearning,6.341,2486.738,22.987,20383,197.308
CrawlerDynamicLearning,6.386,2517.674,23.404,21163,213.380
CrawlerDynamicLearning,6.389,2545.454,20.518,20834,243.304
CrawlerDynamicLearning,6.350,2573.813,21.107,20836,220.575
CrawlerDynamicLearning,6.349,2604.836,23.713,20539,183.683
CrawlerDynamicLearning,6.362,2635.004,22.828,20382,212.763
CrawlerDynamicLearning,6.365,2660.697,18.568,21049,221.579
CrawlerDynamicLearning,6.349,2690.524,22.546,20818,205.055
CrawlerDynamicLearning,6.364,2721.214,23.374,21023,213.550
CrawlerDynamicLearning,6.366,2748.658,20.249,20510,209.296
CrawlerDynamicLearning,6.354,2780.992,24.954,21061,250.193
CrawlerDynamicLearning,6.376,2809.591,21.336,20476,198.130
CrawlerDynamicLearning,6.391,2838.289,21.426,20813,218.023
CrawlerDynamicLearning,6.389,2869.396,23.735,21196,257.411
CrawlerDynamicLearning,6.412,2896.644,20.010,21111,232.325
CrawlerDynamicLearning,6.361,2927.642,23.663,20828,206.319
CrawlerDynamicLearning,6.384,2956.502,21.603,21078,229.319
CrawlerDynamicLearning,6.388,2986.143,22.360,20630,272.714
CrawlerDynamicLearning,6.399,3016.204,22.748,20996,225.721
CrawlerDynamicLearning,6.460,3045.461,21.857,20618,309.741
CrawlerDynamicLearning,6.350,3072.431,19.804,20445,250.611
CrawlerDynamicLearning,6.334,3102.854,23.112,20904,188.678
CrawlerDynamicLearning,6.316,3130.890,20.880,20467,221.652
CrawlerDynamicLearning,6.368,3161.662,23.491,21037,235.724
CrawlerDynamicLearning,6.422,3190.137,21.217,20940,259.476
CrawlerDynamicLearning,6.381,3222.245,24.712,21125,199.346
CrawlerDynamicLearning,6.358,3249.074,19.665,20527,254.276
CrawlerDynamicLearning,6.489,3278.671,22.206,20649,263.179
CrawlerDynamicLearning,6.369,3307.118,21.211,20948,247.533
CrawlerDynamicLearning,6.362,3337.945,23.506,21103,212.247
CrawlerDynamicLearning,6.376,3367.555,22.147,20448,226.718
CrawlerDynamicLearning,6.381,3397.479,22.585,20758,232.704
CrawlerDynamicLearning,6.342,3427.384,22.637,20691,272.310
CrawlerDynamicLearning,6.378,3455.313,20.701,20355,277.243
CrawlerDynamicLearning,6.305,3484.299,21.777,20434,245.472
CrawlerDynamicLearning,6.353,3512.770,21.225,20320,277.218
CrawlerDynamicLearning,6.374,3539.456,19.527,20257,286.423
CrawlerDynamicLearning,6.391,3570.554,23.722,20838,280.874
CrawlerDynamicLearning,6.343,3599.980,22.200,20770,284.746
CrawlerDynamicLearning,6.395,3630.868,23.480,21121,265.543
CrawlerDynamicLearning,6.363,3656.973,18.920,20369,291.041
CrawlerDynamicLearning,6.352,3688.866,24.530,21233,223.934
CrawlerDynamicLearning,6.367,3716.205,20.128,20642,285.176
CrawlerDynamicLearning,6.386,3748.925,25.304,20945,255.617
CrawlerDynamicLearning,6.344,3777.918,21.792,20564,281.122
CrawlerDynamicLearning,6.337,3805.163,20.108,21123,290.432
CrawlerDynamicLearning,6.332,3835.617,23.155,21140,300.696
CrawlerDynamicLearning,6.354,3862.606,19.810,20687,266.737
CrawlerDynamicLearning,6.409,3895.086,25.049,21214,273.807
CrawlerDynamicLearning,6.385,3924.610,22.244,21149,293.148
CrawlerDynamicLearning,6.382,3955.482,23.506,20934,309.619
CrawlerDynamicLearning,6.389,3983.701,20.978,21156,290.852
CrawlerDynamicLearning,6.368,4013.053,22.080,20339,290.816
CrawlerDynamicLearning,6.360,4041.544,21.252,20461,259.620
CrawlerDynamicLearning,6.403,4069.867,21.031,20340,288.450
CrawlerDynamicLearning,6.364,4099.043,21.869,20408,236.159
CrawlerDynamicLearning,6.387,4128.035,21.713,20260,275.215
CrawlerDynamicLearning,6.382,4156.445,21.149,20243,306.165
CrawlerDynamicLearning,6.479,4186.118,22.069,20964,282.562
CrawlerDynamicLearning,6.435,4213.225,19.741,20319,281.282
CrawlerDynamicLearning,6.494,4240.741,20.093,20663,244.851
CrawlerDynamicLearning,6.485,4267.676,19.503,21020,288.138
CrawlerDynamicLearning,6.432,4294.023,19.049,20616,282.171
CrawlerDynamicLearning,6.532,4320.065,18.655,20811,284.989
CrawlerDynamicLearning,6.444,4349.585,22.010,20682,245.553
CrawlerDynamicLearning,6.450,4374.819,17.965,20265,296.575
CrawlerDynamicLearning,6.453,4403.053,20.814,21154,292.848
CrawlerDynamicLearning,6.447,4431.401,20.932,20450,259.478
CrawlerDynamicLearning,6.431,4455.761,17.114,20455,331.150
CrawlerDynamicLearning,6.425,4484.256,21.057,21007,242.868
CrawlerDynamicLearning,6.436,4512.229,20.553,20970,316.444
CrawlerDynamicLearning,6.454,4538.733,19.183,20934,281.110
CrawlerDynamicLearning,6.463,4567.448,21.233,20982,287.242
CrawlerDynamicLearning,6.433,4593.171,18.440,20337,304.837
CrawlerDynamicLearning,6.461,4621.343,20.761,20429,309.659
CrawlerDynamicLearning,6.430,4647.867,19.226,20807,319.853
CrawlerDynamicLearning,6.428,4674.073,18.890,20906,312.532
CrawlerDynamicLearning,6.457,4704.098,22.461,21917,339.851
CrawlerDynamicLearning,6.412,4730.192,18.807,21170,352.667
CrawlerDynamicLearning,6.438,4757.381,19.860,20412,293.129
CrawlerDynamicLearning,6.413,4785.988,21.193,20685,314.968
CrawlerDynamicLearning,6.426,4812.130,18.846,20466,302.757
CrawlerDynamicLearning,6.424,4839.898,20.389,20716,300.782
CrawlerDynamicLearning,6.541,4867.572,20.209,21099,307.968
CrawlerDynamicLearning,6.408,4893.403,18.549,21172,335.413
CrawlerDynamicLearning,6.335,4921.034,20.306,20566,352.144
CrawlerDynamicLearning,6.408,4948.878,20.492,20799,308.062
CrawlerDynamicLearning,6.369,4977.854,21.398,21020,298.565
CrawlerDynamicLearning,6.391,5003.323,18.202,21008,335.536
CrawlerDynamicLearning,6.337,5030.015,19.432,20306,285.194
CrawlerDynamicLearning,6.367,5057.068,19.742,20275,270.346
CrawlerDynamicLearning,6.356,5084.238,19.894,20408,356.560
CrawlerDynamicLearning,6.328,5110.765,19.321,20376,287.115
CrawlerDynamicLearning,6.321,5137.865,19.880,20853,279.931
CrawlerDynamicLearning,6.340,5163.642,18.593,20395,377.275
CrawlerDynamicLearning,6.331,5192.850,21.858,21103,299.019
CrawlerDynamicLearning,6.348,5219.552,19.437,21030,328.890
CrawlerDynamicLearning,6.356,5244.691,17.911,20565,420.143
CrawlerDynamicLearning,6.313,5274.199,22.164,20578,307.524
CrawlerDynamicLearning,6.334,5302.170,20.635,20966,352.688
CrawlerDynamicLearning,6.332,5327.446,18.103,20454,363.685
CrawlerDynamicLearning,6.340,5354.126,19.394,20763,335.630
CrawlerDynamicLearning,6.311,5382.922,21.485,20735,313.772
CrawlerDynamicLearning,6.367,5406.815,16.788,20448,327.993
CrawlerDynamicLearning,6.383,5435.864,21.639,20510,316.433
CrawlerDynamicLearning,6.378,5463.647,20.451,20937,362.460
CrawlerDynamicLearning,6.386,5490.335,19.422,20614,349.163
CrawlerDynamicLearning,6.417,5517.281,19.605,20600,344.355
CrawlerDynamicLearning,6.372,5545.009,20.402,20849,360.524
CrawlerDynamicLearning,6.388,5569.561,17.371,20539,349.383
CrawlerDynamicLearning,6.523,5598.140,21.063,20960,311.095
CrawlerDynamicLearning,6.442,5627.315,21.729,20554,360.554
CrawlerDynamicLearning,6.353,5650.163,15.754,20417,368.972
CrawlerDynamicLearning,6.391,5679.241,21.664,20772,347.311
CrawlerDynamicLearning,6.389,5706.234,19.717,21202,309.059
CrawlerDynamicLearning,6.387,5734.217,20.651,20788,345.429
CrawlerDynamicLearning,6.384,5763.015,21.127,20819,338.194
CrawlerDynamicLearning,6.532,5789.493,19.079,20645,323.690
CrawlerDynamicLearning,6.412,5815.621,18.885,20645,333.184
CrawlerDynamicLearning,6.412,5842.826,19.908,21110,267.862
CrawlerDynamicLearning,6.533,5869.290,19.018,20954,309.970
CrawlerDynamicLearning,6.532,5897.528,20.705,20714,385.073
CrawlerDynamicLearning,6.548,5925.188,20.221,20516,339.464
CrawlerDynamicLearning,6.521,5956.646,24.018,21135,362.165
CrawlerDynamicLearning,6.611,5984.698,20.575,21222,389.316
CrawlerDynamicLearning,6.510,6011.831,19.679,21204,353.756
CrawlerDynamicLearning,6.451,6040.830,21.423,20693,407.446
CrawlerDynamicLearning,6.453,6067.729,19.398,21234,311.484
CrawlerDynamicLearning,6.426,6096.124,20.982,21019,348.250
CrawlerDynamicLearning,6.682,6124.172,20.354,20677,301.766
CrawlerDynamicLearning,6.498,6150.495,18.951,20698,377.190
CrawlerDynamicLearning,6.373,6178.273,20.434,20719,448.604
CrawlerDynamicLearning,6.355,6204.131,18.642,20563,354.711
CrawlerDynamicLearning,6.341,6232.660,21.164,20323,339.663
CrawlerDynamicLearning,6.357,6261.118,21.134,20608,359.146
CrawlerDynamicLearning,6.410,6285.087,16.767,20530,453.094
CrawlerDynamicLearning,6.360,6312.212,19.827,21158,366.212
CrawlerDynamicLearning,6.425,6340.828,21.250,20683,383.644
CrawlerDynamicLearning,6.392,6367.418,19.296,20449,359.911
CrawlerDynamicLearning,6.400,6395.352,20.552,20739,380.403
CrawlerDynamicLearning,6.358,6423.835,21.148,21090,443.431
CrawlerDynamicLearning,6.353,6449.825,18.767,20501,400.898
CrawlerDynamicLearning,6.400,6475.743,18.616,20931,429.625
CrawlerDynamicLearning,6.420,6505.081,21.857,20743,437.069
CrawlerDynamicLearning,6.377,6532.759,20.322,20446,397.851
CrawlerDynamicLearning,6.395,6558.755,18.532,20397,383.966
CrawlerDynamicLearning,6.395,6584.869,18.807,20732,371.632
CrawlerDynamicLearning,6.397,6613.417,21.160,20681,432.435
CrawlerDynamicLearning,6.381,6639.188,18.523,20289,397.127
CrawlerDynamicLearning,6.396,6668.339,21.723,20662,359.964
CrawlerDynamicLearning,6.363,6692.580,17.041,20823,397.429
CrawlerDynamicLearning,6.355,6720.584,20.664,20669,367.497
CrawlerDynamicLearning,6.378,6747.031,19.178,20285,426.679
CrawlerDynamicLearning,6.385,6775.318,20.936,20604,373.314
CrawlerDynamicLearning,6.367,6800.229,17.723,21124,422.554
CrawlerDynamicLearning,6.496,6829.759,21.989,21133,354.294
CrawlerDynamicLearning,6.428,6858.444,21.218,20599,348.866
CrawlerDynamicLearning,6.397,6883.194,17.538,20400,357.198
CrawlerDynamicLearning,6.364,6910.771,20.283,20694,319.747
CrawlerDynamicLearning,6.433,6936.674,18.620,20766,349.514
CrawlerDynamicLearning,6.383,6964.986,20.968,20998,384.052
CrawlerDynamicLearning,6.419,6991.396,19.104,20755,370.587
CrawlerDynamicLearning,6.383,7019.351,20.588,20581,379.542
CrawlerDynamicLearning,6.394,7046.063,19.475,20559,388.354
CrawlerDynamicLearning,6.393,7073.336,19.916,20315,336.958
CrawlerDynamicLearning,6.416,7101.570,20.860,21180,398.020
CrawlerDynamicLearning,6.423,7129.699,20.746,20592,371.548
CrawlerDynamicLearning,6.443,7154.045,17.138,20942,349.110
CrawlerDynamicLearning,6.384,7182.301,20.908,20395,386.695
CrawlerDynamicLearning,6.412,7209.873,20.203,21183,366.308
CrawlerDynamicLearning,6.420,7237.847,20.607,20765,386.205
CrawlerDynamicLearning,6.382,7263.445,18.384,20824,365.777
CrawlerDynamicLearning,6.409,7291.013,20.213,20301,345.667
CrawlerDynamicLearning,6.397,7317.626,19.301,20541,443.834
CrawlerDynamicLearning,6.386,7346.013,20.830,20250,448.097
CrawlerDynamicLearning,6.386,7369.949,16.804,20260,336.132
CrawlerDynamicLearning,6.405,7396.084,18.830,20411,391.321
CrawlerDynamicLearning,6.440,7425.440,21.905,21052,398.058
CrawlerDynamicLearning,6.404,7450.324,17.693,20388,384.873
CrawlerDynamicLearning,6.374,7478.769,21.118,20784,337.620
CrawlerDynamicLearning,6.392,7507.273,21.153,21042,378.304
CrawlerDynamicLearning,6.371,7534.418,19.838,20559,400.228
CrawlerDynamicLearning,6.368,7560.142,18.489,20780,449.304
CrawlerDynamicLearning,6.411,7588.382,20.873,20877,405.740
CrawlerDynamicLearning,6.422,7613.650,18.011,20407,418.698
CrawlerDynamicLearning,6.425,7641.601,20.588,20679,408.323
CrawlerDynamicLearning,6.474,7669.612,20.616,20847,393.133
CrawlerDynamicLearning,6.436,7698.458,21.401,20499,402.715
CrawlerDynamicLearning,6.403,7722.877,17.205,21207,456.974
CrawlerDynamicLearning,6.393,7751.365,21.098,20772,367.832
CrawlerDynamicLearning,6.402,7779.000,20.255,20840,423.797
CrawlerDynamicLearning,6.407,7804.859,18.593,20554,382.342
CrawlerDynamicLearning,6.408,7832.289,20.089,21101,386.851
CrawlerDynamicLearning,6.371,7858.396,18.793,20460,398.975
CrawlerDynamicLearning,6.372,7884.683,19.018,20278,396.795
CrawlerDynamicLearning,6.373,7913.593,21.511,20512,348.524
CrawlerDynamicLearning,6.395,7941.204,20.260,20949,413.220
CrawlerDynamicLearning,6.639,7966.376,17.705,20830,410.438
CrawlerDynamicLearning,6.451,7995.474,21.584,20968,434.793
CrawlerDynamicLearning,6.387,8023.522,20.707,20923,402.223
CrawlerDynamicLearning,6.374,8051.423,20.591,20774,421.429
CrawlerDynamicLearning,6.397,8078.193,19.479,20738,472.382
CrawlerDynamicLearning,6.366,8103.309,17.932,20903,453.730
CrawlerDynamicLearning,6.385,8131.505,20.599,21176,407.469
CrawlerDynamicLearning,6.423,8160.358,21.409,20314,390.196
CrawlerDynamicLearning,6.414,8185.453,17.853,20683,386.918
CrawlerDynamicLearning,6.377,8213.334,20.559,20512,417.019
CrawlerDynamicLearning,6.406,8240.784,20.105,20535,425.750
CrawlerDynamicLearning,6.433,8267.594,19.467,20788,461.813
CrawlerDynamicLearning,6.434,8294.759,19.828,21177,477.189
CrawlerDynamicLearning,6.414,8322.728,20.583,21095,424.578
CrawlerDynamicLearning,6.432,8347.452,17.459,21365,421.854
CrawlerDynamicLearning,6.434,8377.283,22.254,21162,424.512
CrawlerDynamicLearning,6.421,8403.880,19.277,21146,424.716
CrawlerDynamicLearning,6.409,8432.164,20.920,20470,368.085
CrawlerDynamicLearning,6.401,8460.783,21.208,20987,462.948
CrawlerDynamicLearning,6.401,8485.864,17.817,20318,412.824
CrawlerDynamicLearning,6.393,8511.810,18.678,20288,424.940
CrawlerDynamicLearning,6.370,8539.736,20.612,20759,407.355
CrawlerDynamicLearning,6.424,8566.717,19.663,20507,400.350
CrawlerDynamicLearning,6.371,8593.538,19.565,20380,471.322
CrawlerDynamicLearning,6.393,8620.453,19.647,20507,458.789
CrawlerDynamicLearning,6.378,8647.861,20.107,20432,457.137
CrawlerDynamicLearning,6.393,8674.945,19.745,20518,462.702
CrawlerDynamicLearning,6.412,8701.684,19.419,20916,450.320
CrawlerDynamicLearning,6.411,8728.136,19.143,20435,452.266
CrawlerDynamicLearning,6.387,8755.393,19.908,20312,475.648
CrawlerDynamicLearning,6.385,8783.428,20.689,20844,425.588
CrawlerDynamicLearning,6.391,8810.035,19.304,20380,412.720
CrawlerDynamicLearning,6.403,8835.327,18.077,20262,488.560
CrawlerDynamicLearning,6.419,8862.269,19.641,20451,390.631
CrawlerDynamicLearning,6.371,8888.020,18.551,20439,405.223
CrawlerDynamicLearning,6.398,8917.177,21.525,20340,369.651
CrawlerDynamicLearning,6.441,8941.634,17.190,21633,421.056
CrawlerDynamicLearning,6.408,8970.434,21.399,20910,418.072
CrawlerDynamicLearning,6.392,8998.601,20.760,20858,488.948
CrawlerDynamicLearning,6.390,9026.037,20.090,20405,392.300
CrawlerDynamicLearning,6.406,9053.574,20.235,21060,428.972
CrawlerDynamicLearning,6.411,9080.351,19.471,20873,405.323
CrawlerDynamicLearning,6.431,9107.281,19.609,20445,430.753
CrawlerDynamicLearning,6.396,9134.538,19.918,20527,409.294
CrawlerDynamicLearning,6.430,9160.356,18.512,20674,413.145
CrawlerDynamicLearning,6.387,9188.048,20.367,20881,435.466
CrawlerDynamicLearning,6.395,9214.364,19.026,21134,446.122
CrawlerDynamicLearning,6.398,9242.235,20.554,20624,434.118
CrawlerDynamicLearning,6.386,9272.552,22.849,21191,451.137
CrawlerDynamicLearning,6.393,9298.647,18.864,20448,457.850
CrawlerDynamicLearning,6.412,9323.182,17.331,20885,480.296
CrawlerDynamicLearning,6.512,9351.967,21.217,21155,413.403
CrawlerDynamicLearning,6.432,9379.804,20.415,21239,365.157
CrawlerDynamicLearning,6.405,9405.602,18.531,20926,440.630
CrawlerDynamicLearning,6.430,9434.521,21.458,20317,466.020
CrawlerDynamicLearning,6.402,9460.620,18.794,20291,405.423
CrawlerDynamicLearning,6.350,9487.821,19.928,20516,417.059
CrawlerDynamicLearning,6.451,9514.969,19.737,20678,434.490
CrawlerDynamicLearning,6.426,9542.504,20.173,21036,462.988
CrawlerDynamicLearning,6.409,9569.723,19.865,20580,422.724
CrawlerDynamicLearning,6.359,9596.077,19.121,20295,450.150
CrawlerDynamicLearning,6.349,9624.073,20.661,20706,450.587
CrawlerDynamicLearning,6.406,9650.011,18.649,21001,527.714
CrawlerDynamicLearning,6.400,9677.788,20.446,20451,482.945
CrawlerDynamicLearning,6.432,9704.255,18.919,20511,448.244
CrawlerDynamicLearning,6.402,9731.229,19.680,20491,427.547
CrawlerDynamicLearning,6.410,9756.447,17.978,20325,406.687
CrawlerDynamicLearning,6.381,9785.746,21.957,20559,432.103
CrawlerDynamicLearning,6.402,9812.239,19.174,20631,416.544
CrawlerDynamicLearning,6.411,9839.209,19.661,20260,467.583
CrawlerDynamicLearning,6.376,9868.298,21.703,20959,453.706
CrawlerDynamicLearning,6.458,9892.323,16.789,20635,426.309
CrawlerDynamicLearning,6.372,9920.608,20.925,20387,416.779
CrawlerDynamicLearning,6.397,9949.013,21.044,20813,487.254
CrawlerDynamicLearning,6.390,9973.908,17.689,20305,389.659
CrawlerDynamicLearning,6.423,10001.093,19.804,20303,474.810
CrawlerDynamicLearning,6.378,10028.139,19.739,20505,429.009
CrawlerDynamicLearning,6.369,10053.234,17.918,20285,449.554
CrawlerDynamicLearning,6.402,10082.558,21.893,20384,474.435
CrawlerDynamicLearning,6.385,10109.448,19.563,20560,446.664
CrawlerDynamicLearning,6.374,10136.095,19.341,20321,455.618
CrawlerDynamicLearning,6.384,10162.233,18.863,20250,429.759
CrawlerDynamicLearning,6.410,10189.660,20.081,20266,409.987
CrawlerDynamicLearning,6.398,10217.992,20.958,21093,373.378
CrawlerDynamicLearning,6.378,10242.584,17.406,20461,416.520
CrawlerDynamicLearning,6.358,10271.099,21.172,20544,377.890
CrawlerDynamicLearning,6.452,10296.708,18.313,20659,394.119
CrawlerDynamicLearning,6.401,10323.573,19.574,21557,455.509
CrawlerDynamicLearning,6.406,10351.179,20.278,20510,500.832
CrawlerDynamicLearning,6.370,10379.357,20.820,20435,473.744
CrawlerDynamicLearning,6.427,10405.067,18.408,20789,472.099
CrawlerDynamicLearning,6.398,10432.340,19.943,20715,461.700
CrawlerDynamicLearning,6.385,10460.255,20.625,20305,428.930
CrawlerDynamicLearning,6.410,10487.861,20.015,20443,444.737
CrawlerDynamicLearning,6.411,10512.462,17.334,20308,419.971
CrawlerDynamicLearning,6.407,10541.778,21.898,21106,427.324
CrawlerDynamicLearning,6.392,10566.880,17.866,20429,473.041
CrawlerDynamicLearning,6.375,10595.150,20.908,20448,496.248
CrawlerDynamicLearning,6.392,10622.070,19.650,20279,412.898
CrawlerDynamicLearning,6.417,10649.657,20.204,21151,421.454
CrawlerDynamicLearning,6.384,10679.934,22.820,21223,480.605
CrawlerDynamicLearning,6.439,10705.121,17.902,21132,505.585
CrawlerDynamicLearning,6.405,10730.584,18.222,20365,492.671
CrawlerDynamicLearning,6.393,10758.643,20.701,20475,503.102
CrawlerDynamicLearning,6.427,10785.558,19.580,20817,461.324
CrawlerDynamicLearning,6.429,10812.174,19.309,21093,459.360
CrawlerDynamicLearning,6.404,10840.073,20.531,20917,436.437
CrawlerDynamicLearning,6.427,10867.911,20.443,21153,497.475
CrawlerDynamicLearning,6.394,10896.187,20.902,21213,418.127
CrawlerDynamicLearning,6.386,10923.043,19.606,20594,447.057
CrawlerDynamicLearning,6.412,10951.445,21.013,21158,448.903
CrawlerDynamicLearning,6.531,10978.310,19.408,20821,457.659
CrawlerDynamicLearning,6.425,11005.872,20.168,20687,490.620
CrawlerDynamicLearning,6.423,11033.116,19.884,21225,486.753
CrawlerDynamicLearning,6.412,11058.917,18.531,21077,483.892
CrawlerDynamicLearning,6.419,11086.393,20.101,20650,422.412
CrawlerDynamicLearning,6.404,11114.444,20.713,20872,445.024
CrawlerDynamicLearning,6.380,11141.925,20.158,20592,501.176
CrawlerDynamicLearning,6.501,11169.715,20.393,21127,474.117
CrawlerDynamicLearning,6.394,11195.106,18.159,20278,528.224
CrawlerDynamicLearning,6.383,11223.208,20.783,20831,473.530
CrawlerDynamicLearning,6.386,11249.242,18.735,20702,513.594
CrawlerDynamicLearning,6.393,11276.468,19.652,20294,471.028
CrawlerDynamicLearning,6.386,11304.372,20.581,20811,474.373
CrawlerDynamicLearning,6.420,11329.931,18.298,20249,511.333
CrawlerDynamicLearning,6.408,11358.249,20.958,20936,473.788
CrawlerDynamicLearning,6.403,11386.470,20.843,20328,473.829
CrawlerDynamicLearning,6.464,11410.966,17.242,20338,488.968
CrawlerDynamicLearning,6.424,11439.409,21.062,20446,473.451
CrawlerDynamicLearning,6.402,11464.986,18.317,20916,487.881
CrawlerDynamicLearning,6.430,11494.416,21.994,21444,495.256
CrawlerDynamicLearning,6.414,11522.539,20.754,20632,519.121
CrawlerDynamicLearning,6.421,11547.437,17.629,21022,466.905
CrawlerDynamicLearning,6.422,11576.774,21.899,20881,558.924
CrawlerDynamicLearning,6.477,11604.914,20.696,20375,484.512
CrawlerDynamicLearning,6.467,11630.646,18.364,20824,530.693
CrawlerDynamicLearning,6.545,11656.629,18.593,20307,495.970
CrawlerDynamicLearning,6.415,11684.741,20.744,20545,466.915
CrawlerDynamicLearning,6.417,11712.428,20.297,20999,526.139
CrawlerDynamicLearning,6.386,11738.239,18.564,20817,508.593
CrawlerDynamicLearning,6.419,11767.407,21.701,20886,569.424
CrawlerDynamicLearning,6.400,11793.820,19.113,20343,504.450
CrawlerDynamicLearning,6.401,11819.394,18.358,20480,541.147
CrawlerDynamicLearning,6.431,11846.696,19.881,21070,509.261
CrawlerDynamicLearning,6.403,11875.774,21.652,20849,503.984
CrawlerDynamicLearning,6.400,11903.108,20.025,20591,571.809
CrawlerDynamicLearning,6.458,11928.979,18.572,20475,541.834
CrawlerDynamicLearning,6.541,11956.455,19.987,20579,449.130
CrawlerDynamicLearning,6.434,11984.228,20.378,20737,452.767
CrawlerDynamicLearning,6.381,12010.069,18.592,20919,490.286
CrawlerDynamicLearning,6.421,12039.525,22.012,20977,471.583
CrawlerDynamicLearning,6.400,12063.825,16.903,20321,478.840
CrawlerDynamicLearning,6.384,12093.424,22.209,21110,463.405
CrawlerDynamicLearning,6.462,12119.964,19.196,20881,509.609
CrawlerDynamicLearning,6.428,12148.882,21.497,22177,518.983
CrawlerDynamicLearning,6.418,12176.771,20.502,20661,519.081
CrawlerDynamicLearning,6.424,12204.154,20.064,21096,543.401
CrawlerDynamicLearning,6.402,12230.729,19.258,20383,422.344
CrawlerDynamicLearning,6.411,12257.589,19.564,20682,533.723
CrawlerDynamicLearning,6.445,12284.603,19.649,20893,500.058
CrawlerDynamicLearning,6.378,12310.502,18.658,20279,475.146
CrawlerDynamicLearning,6.415,12338.720,20.820,20246,495.937
CrawlerDynamicLearning,6.466,12366.189,20.068,20682,463.294
CrawlerDynamicLearning,6.396,12392.270,18.787,21064,549.366
CrawlerDynamicLearning,6.410,12420.230,20.564,20276,454.037
CrawlerDynamicLearning,6.402,12448.609,20.998,20406,551.035
CrawlerDynamicLearning,6.425,12475.050,19.128,21193,545.036
CrawlerDynamicLearning,6.419,12500.600,18.296,20638,502.434
CrawlerDynamicLearning,6.488,12529.697,21.585,21084,528.793
CrawlerDynamicLearning,6.418,12557.044,19.992,20583,541.381
CrawlerDynamicLearning,6.402,12583.824,19.493,20616,537.188
CrawlerDynamicLearning,6.376,12608.977,17.944,21027,479.806
CrawlerDynamicLearning,6.365,12638.361,22.020,21027,497.068
CrawlerDynamicLearning,6.405,12666.010,20.273,20980,415.877
CrawlerDynamicLearning,6.546,12694.333,20.796,20990,494.883
CrawlerDynamicLearning,6.397,12721.882,20.236,21166,450.853
CrawlerDynamicLearning,6.395,12747.205,18.077,21048,383.907
CrawlerDynamicLearning,6.413,12775.154,20.601,20951,403.660
CrawlerDynamicLearning,6.431,12803.441,20.879,21114,442.738
CrawlerDynamicLearning,6.367,12830.469,19.729,20281,422.212
CrawlerDynamicLearning,6.406,12857.583,19.595,20585,438.373
CrawlerDynamicLearning,6.418,12885.122,20.203,20983,507.882
CrawlerDynamicLearning,6.373,12912.560,20.120,20519,467.692
CrawlerDynamicLearning,6.404,12938.538,18.679,21219,556.652
CrawlerDynamicLearning,6.452,12965.815,19.906,20954,481.811
CrawlerDynamicLearning,6.437,12994.287,21.069,20624,493.812
CrawlerDynamicLearning,6.368,13022.770,21.138,20486,509.356
CrawlerDynamicLearning,6.443,13047.210,17.227,20844,495.956
CrawlerDynamicLearning,6.413,13075.640,21.121,20828,534.239
CrawlerDynamicLearning,6.455,13103.507,20.444,21173,466.969
CrawlerDynamicLearning,6.418,13131.023,20.130,21000,581.461
CrawlerDynamicLearning,6.380,13157.437,19.158,20822,528.846
CrawlerDynamicLearning,6.460,13185.286,20.422,21055,517.496
CrawlerDynamicLearning,6.394,13214.019,21.345,21039,562.572
CrawlerDynamicLearning,6.396,13238.731,17.527,20558,493.592
CrawlerDynamicLearning,6.386,13266.717,20.696,20862,514.317
CrawlerDynamicLearning,6.374,13293.719,19.690,20405,568.094
CrawlerDynamicLearning,6.383,13320.989,19.973,20352,483.582
CrawlerDynamicLearning,6.415,13350.433,21.940,20761,534.105
CrawlerDynamicLearning,6.376,13376.109,18.423,21114,517.753
CrawlerDynamicLearning,6.414,13404.369,20.838,21220,495.555
CrawlerDynamicLearning,6.470,13431.262,19.530,21077,515.235
CrawlerDynamicLearning,6.403,13460.791,22.101,21034,441.531
CrawlerDynamicLearning,6.420,13485.905,17.895,20636,554.046
CrawlerDynamicLearning,6.395,13513.076,19.800,20652,502.538
CrawlerDynamicLearning,6.433,13542.771,22.188,20566,518.244
CrawlerDynamicLearning,6.399,13570.830,20.642,21095,544.878
CrawlerDynamicLearning,6.461,13596.845,18.688,20660,438.708
CrawlerDynamicLearning,6.415,13623.294,18.931,20371,577.475
CrawlerDynamicLearning,6.385,13652.313,21.601,21141,545.741
CrawlerDynamicLearning,6.428,13677.486,17.906,20659,575.953
CrawlerDynamicLearning,6.414,13705.076,20.189,21137,552.650
CrawlerDynamicLearning,6.455,13734.007,21.481,20724,520.846
CrawlerDynamicLearning,6.364,13761.802,20.511,20607,475.039
CrawlerDynamicLearning,6.404,13787.437,18.423,20689,503.050
CrawlerDynamicLearning,6.382,13814.277,19.559,20813,493.805
CrawlerDynamicLearning,6.439,13841.925,20.262,20900,501.669
CrawlerDynamicLearning,6.404,13869.935,20.662,21000,582.985
CrawlerDynamicLearning,6.465,13899.299,21.890,21155,516.124
CrawlerDynamicLearning,6.430,13924.342,17.790,20935,525.472
CrawlerDynamicLearning,6.500,13951.777,19.969,20595,532.562
CrawlerDynamicLearning,6.402,13979.917,20.763,20841,539.641
CrawlerDynamicLearning,6.389,14007.531,20.284,20640,535.120
CrawlerDynamicLearning,6.355,14034.867,20.076,20449,532.441
CrawlerDynamicLearning,6.390,14059.427,17.394,20270,520.261
CrawlerDynamicLearning,6.385,14088.279,21.495,21069,586.862
CrawlerDynamicLearning,6.393,14114.251,18.709,20545,529.643
CrawlerDynamicLearning,6.393,14140.769,19.191,21000,596.218
CrawlerDynamicLearning,6.402,14169.963,21.796,20572,497.224
CrawlerDynamicLearning,6.366,14194.427,17.307,21044,439.977
CrawlerDynamicLearning,6.406,14222.943,21.109,20469,408.839
CrawlerDynamicLearning,6.373,14250.906,20.663,21015,435.154
CrawlerDynamicLearning,6.365,14278.305,20.081,20413,498.440
CrawlerDynamicLearning,6.343,14305.598,19.993,20863,461.475
CrawlerDynamicLearning,6.343,14330.855,18.074,20550,560.871
CrawlerDynamicLearning,6.354,14358.835,20.642,20825,462.013
CrawlerDynamicLearning,6.351,14386.599,20.475,20322,491.962
CrawlerDynamicLearning,6.349,14412.038,18.005,20565,576.467
CrawlerDynamicLearning,6.380,14439.934,20.534,21097,546.007
CrawlerDynamicLearning,6.364,14468.688,21.362,20347,482.690
CrawlerDynamicLearning,6.348,14493.943,18.095,20941,504.783
CrawlerDynamicLearning,6.330,14521.067,19.905,20872,573.280
CrawlerDynamicLearning,6.362,14549.821,21.389,20936,491.310
CrawlerDynamicLearning,6.363,14575.723,18.683,20369,438.314
CrawlerDynamicLearning,6.366,14604.164,21.134,20908,490.449
CrawlerDynamicLearning,6.338,14630.114,18.752,20982,562.013
CrawlerDynamicLearning,6.370,14660.059,22.543,21096,491.994
CrawlerDynamicLearning,6.342,14685.442,18.194,21067,544.214
CrawlerDynamicLearning,6.345,14714.541,21.735,20825,504.572
CrawlerDynamicLearning,6.429,14741.550,19.676,21756,536.829
CrawlerDynamicLearning,6.420,14769.479,20.570,20636,445.362
CrawlerDynamicLearning,6.335,14794.215,17.578,20403,522.444
CrawlerDynamicLearning,6.352,14822.311,20.785,20286,520.818
CrawlerDynamicLearning,6.366,14847.504,18.011,20568,506.168
CrawlerDynamicLearning,6.343,14876.581,21.723,20258,528.429
CrawlerDynamicLearning,6.347,14901.464,17.740,20668,487.581
CrawlerDynamicLearning,6.338,14928.822,20.074,20247,452.344
CrawlerDynamicLearning,6.327,14955.178,19.111,21055,489.082
CrawlerDynamicLearning,6.377,14982.111,19.617,20656,519.959
CrawlerDynamicLearning,6.429,15010.070,20.571,20365,450.525
CrawlerDynamicLearning,6.364,15037.292,19.925,21014,514.589
CrawlerDynamicLearning,6.382,15065.535,20.862,20665,523.853
CrawlerDynamicLearning,6.359,15092.314,19.507,20409,414.272
CrawlerDynamicLearning,6.359,15118.647,19.063,20854,457.139
CrawlerDynamicLearning,6.368,15145.359,19.447,20585,497.888
CrawlerDynamicLearning,6.344,15175.054,22.280,20790,503.095
CrawlerDynamicLearning,6.347,15199.280,16.881,20803,511.314
CrawlerDynamicLearning,6.357,15226.804,20.244,20733,546.622
CrawlerDynamicLearning,6.312,15254.586,20.515,20307,485.046
CrawlerDynamicLearning,6.360,15282.494,20.549,20559,448.404
CrawlerDynamicLearning,6.379,15308.571,18.848,20535,472.878
CrawlerDynamicLearning,6.334,15336.681,20.813,20624,441.547
CrawlerDynamicLearning,6.359,15361.825,17.929,20647,453.573
CrawlerDynamicLearning,6.357,15388.960,19.825,20651,490.579
CrawlerDynamicLearning,6.354,15417.110,20.829,20728,487.137
CrawlerDynamicLearning,6.323,15442.821,18.541,20478,438.774
CrawlerDynamicLearning,6.343,15469.972,19.871,20649,540.188
CrawlerDynamicLearning,6.322,15498.370,21.072,20653,422.925
CrawlerDynamicLearning,6.340,15525.194,19.593,20301,449.188
CrawlerDynamicLearning,6.361,15547.984,15.680,20310,451.231
CrawlerDynamicLearning,6.376,15578.181,22.749,20978,526.232
CrawlerDynamicLearning,6.380,15605.668,20.179,20889,493.703
CrawlerDynamicLearning,6.357,15633.927,20.920,20868,518.502
CrawlerDynamicLearning,6.355,15658.334,17.200,20847,590.540
CrawlerDynamicLearning,6.339,15687.649,21.951,20489,516.819
CrawlerDynamicLearning,6.370,15715.396,20.420,21782,480.389
CrawlerDynamicLearning,6.335,15740.749,18.192,20544,461.704
CrawlerDynamicLearning,6.338,15767.214,19.213,20304,550.167
CrawlerDynamicLearning,6.371,15796.237,21.657,21187,475.230
CrawlerDynamicLearning,6.390,15820.907,17.463,21164,511.499
CrawlerDynamicLearning,6.356,15850.979,22.628,20744,443.287
CrawlerDynamicLearning,6.362,15879.424,21.095,20589,419.699
CrawlerDynamicLearning,6.373,15903.569,16.984,20843,417.134
CrawlerDynamicLearning,6.369,15931.262,20.395,20279,440.785
CrawlerDynamicLearning,6.370,15958.826,20.250,20540,461.155
CrawlerDynamicLearning,6.386,15984.831,18.547,20276,466.427
CrawlerDynamicLearning,6.374,16012.374,20.208,20811,438.811
CrawlerDynamicLearning,6.366,16039.476,19.838,20422,477.244
CrawlerDynamicLearning,6.373,16067.042,20.194,20681,566.284
CrawlerDynamicLearning,6.378,16093.022,18.708,20865,488.428
CrawlerDynamicLearning,6.383,16120.873,20.503,20793,449.441
CrawlerDynamicLearning,6.371,16148.916,20.731,20508,483.054
CrawlerDynamicLearning,6.385,16173.628,17.477,20987,566.085
CrawlerDynamicLearning,6.349,16200.159,19.264,20422,499.797
CrawlerDynamicLearning,6.377,16229.236,21.672,21077,500.962
CrawlerDynamicLearning,6.356,16256.376,19.864,20859,525.551
CrawlerDynamicLearning,6.382,16284.447,20.678,20785,555.794
CrawlerDynamicLearning,6.336,16309.300,17.694,20415,506.284
CrawlerDynamicLearning,6.365,16337.496,20.884,20878,520.338
CrawlerDynamicLearning,6.364,16363.842,19.101,20740,535.563
CrawlerDynamicLearning,6.434,16392.506,21.213,21040,541.506
CrawlerDynamicLearning,6.370,16417.957,18.139,20573,496.383
CrawlerDynamicLearning,6.365,16446.854,21.491,20957,521.374
CrawlerDynamicLearning,6.357,16475.872,21.644,21171,485.741
CrawlerDynamicLearning,6.331,16500.995,17.951,20878,492.170
CrawlerDynamicLearning,6.356,16526.847,18.578,20718,486.023
CrawlerDynamicLearning,6.363,16556.551,22.291,20590,481.225
CrawlerDynamicLearning,6.372,16583.343,19.504,20920,439.901
CrawlerDynamicLearning,6.324,16610.643,20.004,20815,437.336
CrawlerDynamicLearning,6.409,16635.852,18.002,20376,448.862
CrawlerDynamicLearning,6.385,16665.837,22.544,21078,529.001
CrawlerDynamicLearning,6.355,16689.945,16.958,20250,426.183
CrawlerDynamicLearning,6.386,16717.951,20.643,20465,446.613
CrawlerDynamicLearning,6.374,16745.501,20.222,21232,425.561
CrawlerDynamicLearning,6.376,16774.874,21.731,21041,423.466
CrawlerDynamicLearning,6.381,16799.458,17.398,20995,452.133
CrawlerDynamicLearning,6.355,16825.956,19.217,20406,418.045
CrawlerDynamicLearning,6.381,16855.060,21.724,21200,442.902
CrawlerDynamicLearning,6.386,16883.062,20.687,21566,423.402
CrawlerDynamicLearning,6.377,16911.417,20.991,21207,477.163
CrawlerDynamicLearning,6.369,16936.169,17.582,20660,482.759
CrawlerDynamicLearning,6.364,16965.196,21.678,20406,421.110
CrawlerDynamicLearning,6.382,16993.351,20.773,20482,448.664
CrawlerDynamicLearning,6.357,17016.603,16.158,20327,395.307
CrawlerDynamicLearning,6.369,17045.526,21.573,21074,447.219
CrawlerDynamicLearning,6.356,17072.528,19.711,20544,489.459
CrawlerDynamicLearning,6.368,17100.081,20.247,21016,495.499
CrawlerDynamicLearning,6.375,17126.389,19.037,20651,472.838
CrawlerDynamicLearning,6.330,17154.557,20.864,20297,460.596
CrawlerDynamicLearning,6.360,17180.996,19.195,20428,502.451
CrawlerDynamicLearning,6.355,17209.244,20.913,20405,440.364
CrawlerDynamicLearning,6.387,17236.020,19.450,21230,386.380
CrawlerDynamicLearning,6.392,17263.547,20.187,20646,406.006
CrawlerDynamicLearning,6.390,17288.531,17.754,20363,453.592
CrawlerDynamicLearning,6.348,17315.207,19.422,20768,372.055
CrawlerDynamicLearning,6.337,17343.063,20.547,20320,356.649
CrawlerDynamicLearning,6.369,17371.400,20.985,20877,391.434
CrawlerDynamicLearning,6.359,17396.771,18.147,20576,402.660
CrawlerDynamicLearning,6.353,17423.720,19.685,20662,383.693
CrawlerDynamicLearning,6.333,17451.889,20.870,20344,398.054
CrawlerDynamicLearning,6.356,17479.321,20.142,20438,397.586
CrawlerDynamicLearning,6.386,17503.035,16.558,21068,465.939
CrawlerDynamicLearning,6.374,17531.364,20.954,20450,421.545
CrawlerDynamicLearning,6.365,17560.239,21.299,20593,401.602
CrawlerDynamicLearning,6.341,17586.273,18.798,20505,444.337
CrawlerDynamicLearning,6.350,17612.867,19.311,20747,457.601
CrawlerDynamicLearning,6.315,17641.054,20.905,20570,429.661
CrawlerDynamicLearning,6.352,17667.907,19.598,20555,426.047
CrawlerDynamicLearning,6.341,17692.391,17.320,20911,527.523
CrawlerDynamicLearning,6.339,17721.595,21.847,20759,465.874
CrawlerDynamicLearning,6.341,17749.852,20.930,20482,420.815
CrawlerDynamicLearning,6.379,17777.497,20.330,20907,503.309
CrawlerDynamicLearning,6.370,17800.960,16.329,20550,452.095
CrawlerDynamicLearning,6.358,17829.893,21.546,20406,493.957
CrawlerDynamicLearning,6.415,17859.685,22.348,21143,493.629
CrawlerDynamicLearning,6.354,17886.467,19.515,20293,457.425
CrawlerDynamicLearning,6.364,17910.719,17.102,21231,459.048
CrawlerDynamicLearning,6.343,17939.040,21.000,20447,467.288
CrawlerDynamicLearning,6.386,17966.520,20.089,20811,421.641
CrawlerDynamicLearning,6.360,17995.552,21.658,20876,444.516
CrawlerDynamicLearning,6.346,18018.325,15.688,20434,463.979
CrawlerDynamicLearning,6.320,18046.285,20.655,20261,461.875
CrawlerDynamicLearning,6.372,18075.731,22.078,20702,499.019
CrawlerDynamicLearning,6.381,18102.328,19.337,20798,442.465
CrawlerDynamicLearning,6.356,18126.009,16.512,20573,466.176
CrawlerDynamicLearning,6.367,18156.418,23.002,21050,409.569
CrawlerDynamicLearning,6.351,18181.267,17.681,20335,396.532
CrawlerDynamicLearning,6.366,18209.894,21.265,20948,427.512
CrawlerDynamicLearning,6.351,18236.859,19.687,20687,433.318
CrawlerDynamicLearning,6.397,18265.890,21.589,21073,491.242
CrawlerDynamicLearning,6.358,18291.516,18.423,20473,497.180
CrawlerDynamicLearning,6.385,18316.096,17.370,20282,441.583
CrawlerDynamicLearning,6.376,18345.921,22.224,20342,454.869
CrawlerDynamicLearning,6.389,18371.677,18.473,20810,432.849
CrawlerDynamicLearning,6.412,18399.990,20.923,21040,495.033
CrawlerDynamicLearning,6.354,18426.860,19.596,21113,435.687
CrawlerDynamicLearning,6.435,18455.899,21.653,20443,443.917
CrawlerDynamicLearning,6.386,18481.933,18.785,20255,477.977
CrawlerDynamicLearning,6.348,18509.714,20.438,20272,405.923
CrawlerDynamicLearning,6.369,18535.780,18.863,20503,425.008
CrawlerDynamicLearning,6.355,18562.037,19.011,20896,455.220
CrawlerDynamicLearning,6.357,18591.141,21.724,20928,469.639
CrawlerDynamicLearning,6.337,18617.524,19.146,20329,421.714
CrawlerDynamicLearning,6.335,18645.673,20.841,20362,422.373
CrawlerDynamicLearning,6.408,18671.312,18.378,21024,458.072
CrawlerDynamicLearning,6.379,18698.475,19.857,20544,445.931
CrawlerDynamicLearning,6.376,18726.182,20.397,20672,438.787
CrawlerDynamicLearning,6.392,18752.394,18.934,21120,415.464
CrawlerDynamicLearning,6.401,18780.146,20.429,21175,435.741
CrawlerDynamicLearning,6.364,18808.480,20.997,20280,388.721
CrawlerDynamicLearning,6.383,18837.134,21.298,21094,490.634
CrawlerDynamicLearning,6.365,18863.523,19.117,20802,474.388
CrawlerDynamicLearning,6.362,18890.482,19.680,20913,402.522
CrawlerDynamicLearning,6.402,18916.937,19.167,20533,426.278
CrawlerDynamicLearning,6.375,18943.744,19.553,20320,406.952
CrawlerDynamicLearning,6.386,18971.403,20.359,20794,497.288
CrawlerDynamicLearning,6.388,18999.880,21.087,20969,450.984
CrawlerDynamicLearning,6.409,19025.452,18.330,20731,498.239
CrawlerDynamicLearning,6.371,19054.457,21.658,20748,439.783
CrawlerDynamicLearning,6.375,19081.888,20.101,21027,468.604
CrawlerDynamicLearning,6.388,19106.992,17.929,21124,464.037
CrawlerDynamicLearning,6.362,19134.914,20.385,20515,433.441
CrawlerDynamicLearning,6.375,19162.734,20.484,21136,434.940
CrawlerDynamicLearning,6.382,19191.569,21.469,20996,395.293
CrawlerDynamicLearning,6.379,19217.325,18.516,20423,459.140
CrawlerDynamicLearning,6.379,19242.785,18.287,20365,475.418
CrawlerDynamicLearning,6.387,19272.683,22.462,20727,440.349
CrawlerDynamicLearning,6.470,19300.049,19.998,20747,390.531
CrawlerDynamicLearning,6.375,19327.636,20.284,21882,407.825
CrawlerDynamicLearning,6.348,19355.919,20.970,20717,426.327
CrawlerDynamicLearning,6.370,19382.775,19.551,20369,424.324
CrawlerDynamicLearning,6.427,19409.438,19.325,20734,393.347
CrawlerDynamicLearning,6.363,19436.494,19.798,20259,328.413
CrawlerDynamicLearning,6.380,19463.118,19.318,20576,344.210
CrawlerDynamicLearning,6.317,19491.088,20.684,20526,383.547
CrawlerDynamicLearning,6.379,19516.944,18.647,20279,411.358
CrawlerDynamicLearning,6.391,19542.995,18.788,20267,408.822
CrawlerDynamicLearning,6.393,19571.415,21.031,21182,358.793
CrawlerDynamicLearning,6.355,19597.663,18.996,20860,395.258
CrawlerDynamicLearning,6.377,19626.209,21.191,20376,353.513
CrawlerDynamicLearning,6.423,19654.670,21.032,20890,428.607
CrawlerDynamicLearning,6.355,19680.096,18.243,20956,403.770
CrawlerDynamicLearning,6.369,19707.855,20.426,20241,486.471
CrawlerDynamicLearning,6.422,19735.261,20.034,21006,408.669
CrawlerDynamicLearning,6.391,19762.286,19.722,21061,417.876
CrawlerDynamicLearning,6.382,19789.879,20.289,20614,441.827
CrawlerDynamicLearning,6.328,19817.021,19.906,20625,460.467
CrawlerDynamicLearning,6.422,19844.387,20.031,20803,389.831
CrawlerDynamicLearning,6.386,19869.663,18.028,20548,478.699
CrawlerDynamicLearning,6.410,19899.759,22.650,20889,449.674
CrawlerDynamicLearning,6.363,19924.346,17.233,20450,408.303
CrawlerDynamicLearning,6.395,19953.831,22.103,20765,436.393
CrawlerDynamicLearning,6.396,19980.612,19.494,20475,437.861
CrawlerDynamicLearning,6.410,20008.304,20.361,20927,438.284
CrawlerDynamicLearning,6.397,20037.724,22.010,21053,446.135
CrawlerDynamicLearning,6.388,20062.203,17.339,20650,445.514
CrawlerDynamicLearning,6.381,20088.794,19.305,20573,450.198
CrawlerDynamicLearning,6.376,20116.073,19.954,20290,378.603
CrawlerDynamicLearning,6.418,20143.957,20.536,20363,456.700
CrawlerDynamicLearning,6.416,20171.017,19.731,20888,435.940
CrawlerDynamicLearning,6.399,20196.675,18.407,20261,331.397
CrawlerDynamicLearning,6.385,20226.053,22.035,20727,395.949
CrawlerDynamicLearning,6.395,20251.457,18.192,20852,436.054
CrawlerDynamicLearning,6.401,20278.931,20.137,20995,416.210
CrawlerDynamicLearning,6.400,20307.636,21.393,21108,467.181
CrawlerDynamicLearning,6.352,20332.465,17.678,20598,477.675
CrawlerDynamicLearning,6.397,20360.545,20.713,21047,431.185
CrawlerDynamicLearning,6.402,20389.156,21.251,20241,406.054
CrawlerDynamicLearning,6.430,20414.302,17.888,21214,427.746
CrawlerDynamicLearning,6.407,20441.941,20.304,20637,452.359
CrawlerDynamicLearning,6.400,20470.854,21.530,20927,422.680
CrawlerDynamicLearning,6.351,20496.129,18.118,20272,415.245
CrawlerDynamicLearning,6.531,20523.910,20.300,20958,388.581
CrawlerDynamicLearning,6.409,20551.912,20.576,21914,422.941
CrawlerDynamicLearning,6.388,20579.515,20.277,20347,444.681
CrawlerDynamicLearning,6.378,20606.849,20.019,21093,343.724
CrawlerDynamicLearning,6.344,20634.573,20.426,20495,428.610
CrawlerDynamicLearning,6.398,20661.677,19.793,20886,390.470
CrawlerDynamicLearning,6.370,20688.588,19.642,20418,490.758
CrawlerDynamicLearning,6.387,20714.366,18.335,20490,444.914
CrawlerDynamicLearning,6.399,20742.817,21.080,20373,435.995
CrawlerDynamicLearning,6.391,20770.574,20.422,20373,435.972
CrawlerDynamicLearning,6.420,20794.754,17.011,20627,421.541
CrawlerDynamicLearning,6.419,20822.409,20.335,20327,343.481
CrawlerDynamicLearning,6.385,20849.313,19.643,20327,365.811
CrawlerDynamicLearning,6.424,20876.961,20.301,20459,373.000
CrawlerDynamicLearning,6.382,20903.046,18.863,20567,436.435
CrawlerDynamicLearning,6.420,20931.223,20.843,20624,436.727
CrawlerDynamicLearning,6.379,20956.331,17.898,20516,431.715
CrawlerDynamicLearning,6.455,20984.862,21.115,20920,404.629
CrawlerDynamicLearning,6.425,21012.731,20.533,20774,414.933
CrawlerDynamicLearning,6.383,21040.130,20.105,21121,426.357
CrawlerDynamicLearning,6.408,21068.401,20.931,21114,465.182
CrawlerDynamicLearning,6.386,21094.043,18.407,20698,441.159
CrawlerDynamicLearning,6.409,21121.743,20.360,20265,476.415
CrawlerDynamicLearning,6.440,21149.803,20.712,20751,435.786
CrawlerDynamicLearning,6.428,21175.359,18.327,20861,420.934
CrawlerDynamicLearning,6.379,21204.261,21.554,20931,401.712
CrawlerDynamicLearning,6.367,21229.230,17.800,20339,433.565
CrawlerDynamicLearning,6.364,21257.502,20.962,20287,471.795
CrawlerDynamicLearning,6.399,21283.814,19.067,20362,430.792
CrawlerDynamicLearning,6.395,21311.862,20.758,20468,428.691
CrawlerDynamicLearning,6.342,21337.209,18.166,20561,448.341
CrawlerDynamicLearning,6.370,21366.037,21.476,20854,416.081
CrawlerDynamicLearning,6.410,21392.289,18.997,20524,417.001
CrawlerDynamicLearning,6.409,21420.259,20.624,21195,430.729
CrawlerDynamicLearning,6.368,21445.454,17.987,20858,395.856
CrawlerDynamicLearning,6.420,21472.952,20.147,20808,439.598
CrawlerDynamicLearning,6.385,21502.379,21.810,20667,470.287
CrawlerDynamicLearning,6.383,21529.921,20.214,20616,402.090
CrawlerDynamicLearning,6.423,21554.543,17.410,20258,424.289
CrawlerDynamicLearning,6.408,21583.651,21.697,20847,397.962
CrawlerDynamicLearning,6.397,21610.360,19.393,20612,484.230
CrawlerDynamicLearning,6.360,21636.490,18.915,20615,398.575
CrawlerDynamicLearning,6.376,21663.832,20.016,20716,458.527
CrawlerDynamicLearning,6.352,21691.193,20.118,20455,398.620
CrawlerDynamicLearning,6.385,21719.297,20.741,20817,430.053
CrawlerDynamicLearning,6.389,21744.440,17.923,20273,373.135
CrawlerDynamicLearning,6.385,21772.314,20.556,20854,424.343
CrawlerDynamicLearning,6.399,21800.669,21.001,20905,476.105
CrawlerDynamicLearning,6.411,21828.075,20.093,21186,436.318
CrawlerDynamicLearning,6.372,21853.691,18.442,20853,387.614
CrawlerDynamicLearning,6.415,21880.306,19.337,20252,437.669
CrawlerDynamicLearning,6.386,21909.854,22.140,20487,430.775
CrawlerDynamicLearning,6.386,21937.022,19.894,20710,449.219
CrawlerDynamicLearning,6.374,21961.135,16.890,20420,439.047
CrawlerDynamicLearning,6.390,21989.665,21.158,20940,435.588
CrawlerDynamicLearning,6.395,22016.840,19.883,20312,435.446
CrawlerDynamicLearning,6.386,22043.911,19.784,20987,437.448
CrawlerDynamicLearning,6.371,22072.509,21.250,20304,406.632
CrawlerDynamicLearning,6.366,22096.897,17.216,20479,420.382
CrawlerDynamicLearning,6.424,22126.579,22.252,21188,395.516
CrawlerDynamicLearning,6.410,22154.078,20.157,21230,423.576
CrawlerDynamicLearning,6.362,22179.979,18.668,20635,397.955
CrawlerDynamicLearning,6.352,22206.853,19.613,20483,486.014
CrawlerDynamicLearning,6.392,22236.462,22.206,21140,460.898
CrawlerDynamicLearning,6.383,22260.383,16.763,21200,405.934
CrawlerDynamicLearning,6.387,22290.359,22.326,20798,382.931
CrawlerDynamicLearning,6.403,22318.234,20.507,20480,484.240
CrawlerDynamicLearning,6.381,22344.478,19.028,20562,391.242
CrawlerDynamicLearning,6.382,22370.248,18.537,20578,360.516
CrawlerDynamicLearning,6.371,22399.000,21.388,20868,453.612
CrawlerDynamicLearning,6.365,22425.627,19.388,20850,455.116
CrawlerDynamicLearning,6.401,22451.764,18.925,20443,386.347
CrawlerDynamicLearning,6.422,22479.677,20.496,20607,351.573
CrawlerDynamicLearning,6.377,22506.045,19.122,20451,376.152
CrawlerDynamicLearning,6.349,22533.204,19.887,20336,383.440
CrawlerDynamicLearning,6.596,22559.313,18.666,20301,333.655
CrawlerDynamicLearning,6.408,22587.147,20.475,20441,322.960
CrawlerDynamicLearning,6.420,22614.536,20.054,20697,306.549
CrawlerDynamicLearning,6.409,22641.279,19.468,20439,348.171
CrawlerDynamicLearning,6.368,22667.704,19.156,20348,348.765
CrawlerDynamicLearning,6.368,22696.248,21.187,20979,381.698
CrawlerDynamicLearning,6.404,22722.961,19.426,21153,370.053
CrawlerDynamicLearning,6.379,22750.753,20.445,20532,402.534
CrawlerDynamicLearning,6.378,22776.767,18.783,20841,354.407
CrawlerDynamicLearning,6.414,22803.710,19.634,20908,459.094
CrawlerDynamicLearning,6.392,22831.776,20.740,21027,406.181
CrawlerDynamicLearning,6.418,22858.913,19.793,20354,425.859
CrawlerDynamicLearning,6.383,22885.693,19.496,20296,448.256
CrawlerDynamicLearning,6.404,22912.960,19.974,20561,395.750
CrawlerDynamicLearning,6.409,22940.712,20.361,20992,434.487
CrawlerDynamicLearning,6.368,22966.983,19.013,20381,360.208
CrawlerDynamicLearning,6.395,22994.449,20.182,20788,421.069
CrawlerDynamicLearning,6.398,23021.312,19.549,21048,369.529
CrawlerDynamicLearning,6.379,23047.755,19.166,20512,386.380
CrawlerDynamicLearning,6.428,23076.927,21.530,20606,354.260
CrawlerDynamicLearning,6.384,23103.758,19.534,20390,430.232
CrawlerDynamicLearning,6.401,23127.974,16.980,20264,372.398
CrawlerDynamicLearning,6.380,23157.453,22.090,20654,376.510
CrawlerDynamicLearning,6.402,23184.286,19.522,21012,399.112
CrawlerDynamicLearning,6.345,23209.196,17.744,20265,357.149
CrawlerDynamicLearning,6.358,23237.186,20.643,20601,392.011
CrawlerDynamicLearning,6.384,23265.486,20.924,20786,370.974
CrawlerDynamicLearning,6.373,23292.377,19.610,20277,398.811
CrawlerDynamicLearning,6.378,23317.550,17.970,20490,316.030
CrawlerDynamicLearning,6.503,23346.454,21.420,20676,348.907
CrawlerDynamicLearning,6.403,23374.401,20.583,20880,383.020
CrawlerDynamicLearning,6.393,23397.866,16.371,20410,335.715
CrawlerDynamicLearning,6.388,23426.390,21.194,21108,339.064
CrawlerDynamicLearning,6.418,23456.265,22.420,21238,322.307
CrawlerDynamicLearning,6.402,23482.447,18.932,20329,334.861
CrawlerDynamicLearning,6.400,23508.957,19.240,21085,315.051
CrawlerDynamicLearning,6.390,23535.490,19.269,20568,339.638
CrawlerDynamicLearning,6.372,23563.304,20.473,20414,324.970
CrawlerDynamicLearning,6.417,23590.088,19.458,20394,362.276
CrawlerDynamicLearning,6.475,23617.323,19.892,20383,369.591
CrawlerDynamicLearning,6.397,23643.191,18.626,20655,300.174
CrawlerDynamicLearning,6.363,23671.450,20.930,20860,357.543
CrawlerDynamicLearning,6.355,23699.040,20.318,20723,324.856
CrawlerDynamicLearning,6.377,23727.312,20.983,20798,340.307
CrawlerDynamicLearning,6.413,23752.435,17.901,20961,401.637
CrawlerDynamicLearning,6.346,23780.725,21.000,20728,341.481
CrawlerDynamicLearning,6.351,23807.831,19.858,20328,297.205
CrawlerDynamicLearning,6.401,23834.512,19.383,20946,388.250
CrawlerDynamicLearning,6.384,23861.702,19.695,20321,317.255
CrawlerDynamicLearning,6.381,23888.753,19.759,20839,327.846
CrawlerDynamicLearning,6.353,23916.480,20.447,20315,331.593
CrawlerDynamicLearning,6.380,23941.818,18.081,20791,377.515
CrawlerDynamicLearning,6.360,23969.146,20.061,20496,372.856
CrawlerDynamicLearning,6.385,23996.667,20.234,20996,380.238
CrawlerDynamicLearning,6.348,24024.575,20.626,20541,382.230
CrawlerDynamicLearning,6.401,24051.645,19.734,20979,354.993
CrawlerDynamicLearning,6.383,24081.109,22.079,20660,395.016
CrawlerDynamicLearning,6.353,24107.340,18.989,20763,344.266
CrawlerDynamicLearning,6.411,24134.047,19.444,20331,327.441
CrawlerDynamicLearning,6.405,24160.216,18.894,20396,384.247
CrawlerDynamicLearning,6.418,24188.891,21.266,21232,340.000
CrawlerDynamicLearning,6.413,24213.879,17.736,20381,307.441
CrawlerDynamicLearning,6.397,24240.913,19.714,20583,331.580
CrawlerDynamicLearning,6.374,24268.879,20.648,20321,374.493
CrawlerDynamicLearning,6.388,24296.406,20.222,20587,345.234
CrawlerDynamicLearning,6.411,24321.313,17.711,20562,354.093
CrawlerDynamicLearning,6.385,24350.153,21.464,20337,374.528
CrawlerDynamicLearning,6.433,24377.237,19.769,21635,382.547
CrawlerDynamicLearning,6.494,24405.821,21.103,20847,297.989
CrawlerDynamicLearning,6.412,24432.058,18.939,20639,365.259
CrawlerDynamicLearning,6.396,24459.392,19.991,20982,339.482
CrawlerDynamicLearning,6.358,24486.700,20.043,20434,360.136
CrawlerDynamicLearning,6.421,24515.368,21.279,21196,370.019
CrawlerDynamicLearning,6.347,24539.793,17.245,20299,312.978
CrawlerDynamicLearning,6.398,24569.573,22.331,21196,418.109
CrawlerDynamicLearning,6.377,24595.329,18.531,20817,340.100
CrawlerDynamicLearning,6.415,24622.136,19.468,20854,358.835
CrawlerDynamicLearning,6.389,24649.696,20.010,20765,341.475
CrawlerDynamicLearning,6.373,24677.944,20.899,20264,395.673
CrawlerDynamicLearning,6.375,24704.577,19.376,20567,360.508
CrawlerDynamicLearning,6.407,24731.368,19.473,20670,393.664
CrawlerDynamicLearning,6.393,24759.384,20.643,21090,357.105
CrawlerDynamicLearning,6.369,24785.785,19.132,20285,390.156
CrawlerDynamicLearning,6.381,24812.764,19.669,20718,341.107
CrawlerDynamicLearning,6.415,24838.962,18.934,21212,359.638
CrawlerDynamicLearning,6.367,24865.092,18.908,20480,379.689
CrawlerDynamicLearning,6.373,24894.569,22.041,20471,340.898
CrawlerDynamicLearning,6.398,24921.000,19.228,21417,384.807
CrawlerDynamicLearning,6.385,24949.287,20.901,20465,306.916
CrawlerDynamicLearning,6.407,24975.106,18.546,20525,387.665
CrawlerDynamicLearning,6.400,25003.380,20.925,20778,333.984
CrawlerDynamicLearning,6.394,25030.465,19.784,20242,345.931
CrawlerDynamicLearning,6.482,25056.398,18.577,20789,351.600
CrawlerDynamicLearning,6.380,25083.843,20.155,20316,303.460
CrawlerDynamicLearning,6.383,25112.429,21.225,20563,266.023
CrawlerDynamicLearning,6.381,25136.942,17.346,20589,321.098
CrawlerDynamicLearning,6.381,25164.554,20.282,20988,284.726
CrawlerDynamicLearning,6.379,25192.633,20.753,20829,291.547
CrawlerDynamicLearning,6.386,25221.021,21.033,21095,352.040
CrawlerDynamicLearning,6.450,25246.563,18.226,20341,380.878
CrawlerDynamicLearning,6.447,25274.319,20.420,20674,336.581
CrawlerDynamicLearning,6.447,25301.786,20.043,20613,351.347
CrawlerDynamicLearning,6.374,25327.938,18.935,20510,383.003
CrawlerDynamicLearning,6.409,25354.562,19.271,20393,342.146
CrawlerDynamicLearning,6.382,25381.480,19.691,20306,381.068
CrawlerDynamicLearning,6.415,25409.770,20.919,21201,323.681
CrawlerDynamicLearning,6.398,25436.851,19.573,20784,354.072
CrawlerDynamicLearning,6.408,25463.643,19.451,20486,337.615
CrawlerDynamicLearning,6.407,25490.561,19.628,20870,385.891
CrawlerDynamicLearning,6.366,25518.528,20.636,20774,360.947
CrawlerDynamicLearning,6.392,25546.886,21.027,20589,293.824
CrawlerDynamicLearning,6.376,25572.559,18.410,20868,397.471
CrawlerDynamicLearning,6.426,25599.124,19.245,21221,384.083
CrawlerDynamicLearning,6.421,25629.017,22.432,21086,342.799
CrawlerDynamicLearning,6.382,25655.287,18.974,20674,319.617
CrawlerDynamicLearning,6.382,25681.353,18.826,20271,354.684
CrawlerDynamicLearning,6.423,25708.465,19.760,20746,347.744
CrawlerDynamicLearning,6.349,25736.582,20.800,20926,337.903
CrawlerDynamicLearning,6.380,25764.742,20.791,20680,340.055
CrawlerDynamicLearning,6.382,25791.142,19.170,20518,306.419
CrawlerDynamicLearning,6.364,25818.136,19.731,20770,374.128
CrawlerDynamicLearning,6.397,25846.293,20.821,21201,350.767
CrawlerDynamicLearning,6.395,25871.952,18.391,20582,365.762
CrawlerDynamicLearning,6.414,25901.354,21.983,21099,354.933
CrawlerDynamicLearning,6.377,25927.807,19.157,20893,379.809
CrawlerDynamicLearning,6.391,25954.811,19.717,21146,339.978
CrawlerDynamicLearning,6.390,25981.634,19.552,20293,298.745
CrawlerDynamicLearning,6.384,26008.025,19.126,21220,354.210
CrawlerDynamicLearning,6.338,26036.603,21.302,20262,236.237
CrawlerDynamicLearning,6.429,26064.542,20.539,21196,336.976
CrawlerDynamicLearning,6.414,26090.062,18.301,21052,292.079
CrawlerDynamicLearning,6.411,26119.292,21.814,20629,300.797
CrawlerDynamicLearning,6.434,26145.891,19.306,20748,301.526
CrawlerDynamicLearning,6.376,26172.396,19.219,20596,354.396
CrawlerDynamicLearning,6.409,26199.454,19.708,20567,286.046
CrawlerDynamicLearning,6.387,26227.479,20.473,20859,336.134
CrawlerDynamicLearning,6.389,26254.621,19.822,21030,296.424
CrawlerDynamicLearning,6.403,26281.787,19.871,21297,309.552
CrawlerDynamicLearning,6.388,26308.616,19.543,20959,274.276
CrawlerDynamicLearning,6.327,26335.962,20.132,20266,311.764
CrawlerDynamicLearning,6.389,26363.841,20.504,20621,326.888
CrawlerDynamicLearning,6.409,26392.619,21.396,21165,343.371
CrawlerDynamicLearning,6.353,26418.305,18.516,21136,315.968
CrawlerDynamicLearning,6.375,26447.008,21.356,20706,342.337
CrawlerDynamicLearning,6.378,26475.379,21.009,20405,300.358
CrawlerDynamicLearning,6.383,26497.716,15.309,21351,325.113
CrawlerDynamicLearning,6.367,26527.945,22.813,21122,299.968
CrawlerDynamicLearning,6.375,26556.401,21.118,21030,316.440
CrawlerDynamicLearning,6.393,26585.087,21.340,21163,334.064
CrawlerDynamicLearning,6.438,26611.570,19.159,21237,311.648
CrawlerDynamicLearning,6.385,26636.928,18.185,21034,317.700
CrawlerDynamicLearning,6.450,26665.938,21.552,21864,286.559
CrawlerDynamicLearning,6.345,26694.341,21.125,20701,301.622
CrawlerDynamicLearning,6.396,26721.990,20.337,21163,303.283
CrawlerDynamicLearning,6.380,26747.497,18.280,20792,311.627
CrawlerDynamicLearning,6.387,26776.490,21.665,21070,294.302
CrawlerDynamicLearning,6.388,26802.117,18.417,20350,304.880
CrawlerDynamicLearning,6.385,26830.260,20.821,20634,242.939
CrawlerDynamicLearning,6.554,26857.496,19.779,20856,306.592
CrawlerDynamicLearning,6.466,26884.482,19.629,20877,303.867
CrawlerDynamicLearning,6.408,26912.131,20.329,21029,274.047
CrawlerDynamicLearning,6.432,26939.239,19.761,20316,342.370
CrawlerDynamicLearning,6.383,26967.091,20.532,20360,297.835
CrawlerDynamicLearning,6.386,26991.878,17.372,20341,310.379
CrawlerDynamicLearning,6.377,27020.050,20.874,20293,278.885
CrawlerDynamicLearning,6.429,27044.624,17.367,20675,328.632
CrawlerDynamicLearning,6.366,27072.632,20.710,20623,292.886
CrawlerDynamicLearning,6.396,27100.273,20.308,20272,320.864
CrawlerDynamicLearning,6.392,27128.994,21.347,20830,305.926
CrawlerDynamicLearning,6.360,27154.849,18.611,21071,295.480
CrawlerDynamicLearning,6.395,27183.862,21.620,21089,317.368
CrawlerDynamicLearning,6.440,27209.760,18.572,20262,299.914
CrawlerDynamicLearning,6.389,27238.317,21.199,20722,275.807
CrawlerDynamicLearning,6.362,27263.457,17.973,20392,317.753
CrawlerDynamicLearning,6.395,27289.226,18.514,20691,264.346
CrawlerDynamicLearning,6.357,27317.360,20.807,20548,313.528
CrawlerDynamicLearning,6.374,27345.579,20.866,20442,298.309
CrawlerDynamicLearning,6.361,27371.718,18.912,20611,296.927
CrawlerDynamicLearning,6.415,27399.311,20.248,20259,309.189
CrawlerDynamicLearning,6.402,27425.887,19.258,20751,335.763
CrawlerDynamicLearning,6.358,27453.368,20.232,20870,307.401
CrawlerDynamicLearning,6.371,27481.529,20.815,20501,277.098
CrawlerDynamicLearning,6.387,27507.095,18.325,20576,341.069
CrawlerDynamicLearning,6.373,27535.133,20.716,20568,266.075
CrawlerDynamicLearning,6.416,27562.654,20.186,21065,301.714
CrawlerDynamicLearning,6.374,27586.596,16.803,20636,314.216
CrawlerDynamicLearning,6.390,27616.033,21.997,21197,217.772
CrawlerDynamicLearning,6.402,27642.684,19.382,20625,264.331
CrawlerDynamicLearning,6.372,27671.167,21.170,21053,280.156
CrawlerDynamicLearning,6.386,27696.860,18.460,20454,246.457
CrawlerDynamicLearning,6.416,27726.744,22.415,21105,258.435
CrawlerDynamicLearning,6.397,27752.506,18.536,20919,276.844
CrawlerDynamicLearning,6.354,27780.646,20.628,21044,247.540
CrawlerDynamicLearning,6.412,27808.237,20.234,20290,249.804
CrawlerDynamicLearning,6.371,27835.757,20.193,20909,262.411
CrawlerDynamicLearning,6.424,27861.100,18.084,20970,248.552
CrawlerDynamicLearning,6.391,27890.946,22.473,20415,202.095
CrawlerDynamicLearning,6.362,27915.230,17.143,20331,272.986
CrawlerDynamicLearning,6.399,27942.271,19.738,20470,321.357
CrawlerDynamicLearning,6.528,27970.843,21.024,20625,273.950
CrawlerDynamicLearning,6.370,27997.495,19.398,20654,337.059
CrawlerDynamicLearning,6.350,28025.443,20.681,20476,262.421
CrawlerDynamicLearning,6.379,28049.393,16.817,20805,327.336
CrawlerDynamicLearning,6.372,28079.298,22.510,20482,288.977
CrawlerDynamicLearning,6.346,28104.414,17.953,20367,256.390
CrawlerDynamicLearning,6.378,28134.720,22.876,20671,276.215
CrawlerDynamicLearning,6.320,28159.060,17.177,20346,275.734
CrawlerDynamicLearning,6.395,28185.105,18.747,20944,234.004
CrawlerDynamicLearning,6.396,28214.578,22.054,20928,312.168
CrawlerDynamicLearning,6.366,28240.917,19.100,20407,335.365
CrawlerDynamicLearning,6.366,28266.892,18.744,20468,304.248
CrawlerDynamicLearning,6.374,28293.872,19.737,20457,289.609
CrawlerDynamicLearning,6.387,28322.614,21.359,20801,304.890
CrawlerDynamicLearning,6.362,28349.017,19.152,20289,342.621
CrawlerDynamicLearning,6.372,28375.342,19.082,21236,297.814
CrawlerDynamicLearning,6.426,28403.197,20.442,20349,311.015
CrawlerDynamicLearning,6.380,28432.149,21.574,21134,276.250
CrawlerDynamicLearning,6.374,28458.413,19.012,20713,337.869
CrawlerDynamicLearning,6.380,28485.203,19.505,21221,313.817
CrawlerDynamicLearning,6.420,28511.954,19.454,20582,266.737
CrawlerDynamicLearning,6.386,28539.253,19.947,20493,301.691
CrawlerDynamicLearning,6.375,28566.508,19.743,20251,329.047
CrawlerDynamicLearning,6.419,28595.945,21.984,21151,289.607
CrawlerDynamicLearning,6.384,28619.424,16.341,20462,264.743
CrawlerDynamicLearning,6.407,28648.020,21.222,21209,287.120
CrawlerDynamicLearning,6.382,28675.961,20.599,20870,331.761
CrawlerDynamicLearning,6.361,28702.440,19.250,20278,293.707
CrawlerDynamicLearning,6.345,28730.040,20.311,20724,337.480
CrawlerDynamicLearning,6.377,28754.482,17.257,20294,290.408
CrawlerDynamicLearning,6.380,28783.207,21.326,20386,265.416
CrawlerDynamicLearning,6.371,28810.259,19.768,20877,304.027
CrawlerDynamicLearning,6.393,28837.863,20.288,20304,310.424
CrawlerDynamicLearning,6.383,28864.244,19.106,20411,343.000
CrawlerDynamicLearning,6.385,28892.811,21.277,21148,280.800
CrawlerDynamicLearning,6.397,28918.669,18.584,20447,289.719
CrawlerDynamicLearning,6.403,28945.207,19.277,20766,305.134
CrawlerDynamicLearning,6.423,28973.968,21.389,21055,323.107
CrawlerDynamicLearning,6.388,28999.214,18.068,20916,312.097
CrawlerDynamicLearning,6.386,29028.953,22.321,21033,278.218
CrawlerDynamicLearning,6.431,29055.523,19.293,20349,370.487
CrawlerDynamicLearning,6.418,29082.923,20.127,21069,334.506
CrawlerDynamicLearning,6.354,29108.854,18.719,20808,288.381
CrawlerDynamicLearning,6.391,29135.975,19.803,20524,323.838
CrawlerDynamicLearning,6.402,29163.547,20.255,20795,308.369
CrawlerDynamicLearning,6.360,29192.460,21.578,20730,281.795
CrawlerDynamicLearning,6.377,29218.778,19.045,21053,340.908
CrawlerDynamicLearning,6.375,29245.089,19.050,20825,291.163
CrawlerDynamicLearning,6.360,29272.822,20.467,20243,339.030
CrawlerDynamicLearning,6.334,29301.796,21.665,20347,285.661
CrawlerDynamicLearning,6.399,29324.828,15.899,20783,279.589
CrawlerDynamicLearning,6.384,29353.463,21.075,21050,308.296
CrawlerDynamicLearning,6.412,29380.554,19.773,21166,329.921
CrawlerDynamicLearning,6.398,29408.724,20.843,21131,247.044
CrawlerDynamicLearning,6.404,29438.601,22.403,20753,283.217
CrawlerDynamicLearning,6.364,29464.240,18.446,20308,261.103
CrawlerDynamicLearning,6.378,29490.398,18.937,20591,262.393
CrawlerDynamicLearning,6.361,29517.482,19.829,20675,223.962
CrawlerDynamicLearning,6.337,29542.944,18.293,20370,268.022
CrawlerDynamicLearning,6.393,29569.950,19.724,20875,255.443
CrawlerDynamicLearning,6.375,29599.654,22.308,20506,249.703
CrawlerDynamicLearning,6.414,29624.205,17.350,20893,256.660
CrawlerDynamicLearning,6.391,29653.312,21.727,20816,239.533
CrawlerDynamicLearning,6.373,29679.647,19.121,20247,330.039
CrawlerDynamicLearning,6.363,29707.614,20.660,20735,282.560
CrawlerDynamicLearning,6.430,29737.259,22.169,21154,256.270
CrawlerDynamicLearning,6.367,29762.442,18.019,20980,299.050
CrawlerDynamicLearning,6.374,29789.224,19.499,20574,351.308
CrawlerDynamicLearning,6.398,29817.510,20.928,20823,331.446
CrawlerDynamicLearning,6.390,29844.580,19.727,20242,357.538
CrawlerDynamicLearning,6.365,29869.471,17.709,20313,320.123
CrawlerDynamicLearning,6.377,29898.313,21.454,20415,277.315
CrawlerDynamicLearning,6.374,29926.376,20.779,20368,268.335
CrawlerDynamicLearning,6.528,29950.144,16.479,20575,337.331
CrawlerDynamicLearning,6.438,29978.681,21.090,20296,335.996
CrawlerDynamicLearning,6.370,30006.640,20.684,20323,293.368
CrawlerDynamicLearning,6.389,30032.775,18.895,20829,272.416
CrawlerDynamicLearning,6.359,30058.418,18.502,20341,329.643
CrawlerDynamicLearning,6.395,30085.708,19.945,20448,266.430
CrawlerDynamicLearning,6.391,30113.579,20.536,20433,324.166
CrawlerDynamicLearning,6.394,30139.019,17.978,20395,289.497
CrawlerDynamicLearning,6.401,30165.744,19.426,20268,299.804
CrawlerDynamicLearning,6.425,30194.869,21.737,21232,305.873
CrawlerDynamicLearning,6.400,30222.179,19.978,20261,284.442
CrawlerDynamicLearning,6.397,30247.606,18.242,21076,308.839
CrawlerDynamicLearning,6.391,30274.475,19.577,20386,283.810
CrawlerDynamicLearning,6.383,30303.323,21.471,21178,288.846
CrawlerDynamicLearning,6.371,30330.601,19.988,20312,262.036
CrawlerDynamicLearning,6.401,30356.821,18.967,20692,245.855
CrawlerDynamicLearning,6.410,30384.177,20.040,20439,253.772
CrawlerDynamicLearning,6.405,30411.925,20.378,20633,342.594
CrawlerDynamicLearning,6.395,30437.577,18.441,20990,276.744
CrawlerDynamicLearning,6.396,30466.558,21.590,20888,307.739
CrawlerDynamicLearning,6.404,30491.593,17.832,20610,306.534
CrawlerDynamicLearning,6.414,30519.799,20.853,20414,322.599
CrawlerDynamicLearning,6.360,30548.083,20.984,20338,257.636
CrawlerDynamicLearning,6.335,30573.031,17.796,21011,319.234
CrawlerDynamicLearning,6.355,30599.154,18.927,20438,290.486
CrawlerDynamicLearning,6.355,30628.744,22.204,20448,264.328
CrawlerDynamicLearning,6.370,30653.324,17.398,20281,319.298
CrawlerDynamicLearning,6.398,30681.982,21.261,20968,300.832
CrawlerDynamicLearning,6.372,30710.450,21.149,20387,316.796
CrawlerDynamicLearning,6.438,30734.809,17.146,20738,312.481
CrawlerDynamicLearning,6.391,30763.259,21.113,20584,309.170
CrawlerDynamicLearning,6.452,30791.313,20.703,20983,275.925
CrawlerDynamicLearning,6.403,30816.344,17.800,20530,284.835
CrawlerDynamicLearning,6.380,30845.688,21.957,20764,317.456
CrawlerDynamicLearning,6.373,30871.816,18.935,20666,323.070
CrawlerDynamicLearning,6.390,30898.964,19.890,20906,295.399
CrawlerDynamicLearning,6.384,30926.176,19.701,20424,284.632
CrawlerDynamicLearning,6.396,30954.391,20.859,20721,267.679
CrawlerDynamicLearning,6.412,30981.290,19.623,20987,295.438
CrawlerDynamicLearning,6.358,31007.135,18.646,20470,310.714
CrawlerDynamicLearning,6.398,31033.955,19.553,20244,281.217
CrawlerDynamicLearning,6.453,31061.170,19.796,20451,281.735
CrawlerDynamicLearning,6.364,31088.689,20.273,20345,308.804
CrawlerDynamicLearning,6.385,31114.954,19.018,20535,336.576
CrawlerDynamicLearning,6.398,31143.177,20.867,20917,318.947
CrawlerDynamicLearning,6.399,31171.087,20.578,20881,358.956
CrawlerDynamicLearning,6.395,31196.606,18.321,20853,266.533
CrawlerDynamicLearning,6.368,31224.254,20.314,20361,260.454
CrawlerDynamicLearning,6.389,31251.269,19.707,21083,278.934
CrawlerDynamicLearning,6.401,31279.615,20.981,20515,334.261
CrawlerDynamicLearning,6.381,31307.563,20.640,21043,313.930
CrawlerDynamicLearning,6.418,31333.843,19.008,20743,302.914
CrawlerDynamicLearning,6.361,31360.424,19.324,20337,293.988
CrawlerDynamicLearning,6.442,31389.702,21.832,21081,291.184
CrawlerDynamicLearning,6.415,31413.528,16.655,20939,337.279
CrawlerDynamicLearning,6.397,31442.806,21.854,21020,290.993
CrawlerDynamicLearning,6.389,31470.776,20.654,20425,314.374
CrawlerDynamicLearning,6.385,31498.523,20.435,20656,289.692
CrawlerDynamicLearning,6.403,31524.017,18.280,20663,298.534
CrawlerDynamicLearning,6.406,31550.715,19.403,20686,368.069
CrawlerDynamicLearning,6.407,31578.283,20.332,20896,299.239
CrawlerDynamicLearning,6.385,31607.220,21.568,21215,323.147
CrawlerDynamicLearning,6.422,31634.943,20.373,20850,287.381
CrawlerDynamicLearning,6.455,31660.259,18.052,20765,369.071
CrawlerDynamicLearning,6.417,31689.811,22.138,21197,295.730
CrawlerDynamicLearning,6.367,31716.349,19.098,20635,333.258
CrawlerDynamicLearning,6.384,31744.161,20.494,21208,284.623
CrawlerDynamicLearning,6.372,31769.738,18.373,20418,324.221
CrawlerDynamicLearning,6.395,31797.487,20.432,20633,295.710
CrawlerDynamicLearning,6.384,31827.482,22.581,20255,279.732
CrawlerDynamicLearning,6.368,31851.798,17.179,20402,345.724
CrawlerDynamicLearning,6.408,31879.713,20.604,20643,251.539
CrawlerDynamicLearning,6.366,31905.517,18.627,20298,327.014
CrawlerDynamicLearning,6.539,31932.929,19.884,20243,272.016
CrawlerDynamicLearning,6.428,31960.592,20.287,21008,320.083
CrawlerDynamicLearning,6.396,31986.701,18.878,20869,318.536
CrawlerDynamicLearning,6.366,32015.964,21.905,20580,248.518
CrawlerDynamicLearning,6.400,32040.956,17.798,20580,280.599
CrawlerDynamicLearning,6.389,32070.382,22.053,20688,267.055
CrawlerDynamicLearning,6.387,32095.976,18.355,20763,298.388
CrawlerDynamicLearning,6.412,32122.406,19.121,21007,328.774
CrawlerDynamicLearning,6.368,32150.533,20.841,20664,298.068
CrawlerDynamicLearning,6.349,32180.605,22.721,20783,305.657
CrawlerDynamicLearning,6.403,32204.582,16.805,20534,344.605
CrawlerDynamicLearning,6.373,32230.152,18.384,20348,257.918
CrawlerDynamicLearning,6.418,32260.454,22.850,20610,295.357
CrawlerDynamicLearning,6.387,32284.855,17.230,20512,374.937
CrawlerDynamicLearning,6.371,32312.385,20.260,20482,255.849
CrawlerDynamicLearning,6.381,32340.553,20.804,20761,306.600
CrawlerDynamicLearning,6.426,32367.447,19.612,20905,315.763
CrawlerDynamicLearning,6.411,32394.601,19.826,20835,304.311
CrawlerDynamicLearning,6.373,32422.294,20.369,20780,282.193
CrawlerDynamicLearning,6.388,32448.217,18.669,20523,294.655
CrawlerDynamicLearning,6.368,32477.311,21.729,21164,289.707
CrawlerDynamicLearning,6.418,32503.056,18.270,20579,310.899
CrawlerDynamicLearning,6.376,32532.350,21.916,20346,282.427
CrawlerDynamicLearning,6.389,32556.505,17.033,20543,308.961
CrawlerDynamicLearning,6.360,32585.806,21.954,20746,309.100
CrawlerDynamicLearning,6.399,32612.989,19.889,20651,283.983
CrawlerDynamicLearning,6.378,32640.574,20.280,20895,330.784
CrawlerDynamicLearning,6.370,32665.711,17.927,20809,304.571
CrawlerDynamicLearning,6.380,32692.582,19.585,20852,292.580
CrawlerDynamicLearning,6.396,32721.899,21.943,21052,332.988
CrawlerDynamicLearning,6.374,32748.415,19.284,20558,329.048
CrawlerDynamicLearning,6.388,32775.020,19.353,20306,269.418
CrawlerDynamicLearning,6.389,32803.499,21.158,21206,273.044
CrawlerDynamicLearning,6.405,32831.099,20.282,20694,313.621
CrawlerDynamicLearning,6.401,32855.951,17.647,20622,256.222
CrawlerDynamicLearning,6.394,32884.970,21.644,21171,319.532
CrawlerDynamicLearning,6.405,32914.394,22.014,21075,286.476
CrawlerDynamicLearning,6.354,32939.709,18.157,20388,286.961
CrawlerDynamicLearning,6.389,32965.848,18.879,20925,305.112
CrawlerDynamicLearning,6.368,32993.703,20.533,20287,316.429
CrawlerDynamicLearning,6.352,33022.803,21.735,20914,288.563
CrawlerDynamicLearning,6.360,33045.980,16.098,20420,330.071
CrawlerDynamicLearning,6.379,33075.868,22.453,20522,360.473
CrawlerDynamicLearning,6.398,33102.075,18.971,20383,230.891
CrawlerDynamicLearning,6.393,33130.906,21.496,21054,286.780
CrawlerDynamicLearning,6.417,33156.640,18.406,20819,325.419
CrawlerDynamicLearning,6.368,33182.350,18.503,20405,327.870
CrawlerDynamicLearning,6.404,33211.986,22.189,20644,289.527
CrawlerDynamicLearning,6.423,33236.021,16.826,21161,306.671
CrawlerDynamicLearning,6.374,33265.257,21.887,20315,280.563
CrawlerDynamicLearning,6.361,33291.007,18.333,20253,308.690
CrawlerDynamicLearning,6.376,33320.024,21.641,20629,267.383
CrawlerDynamicLearning,6.459,33345.127,17.843,20982,331.435
CrawlerDynamicLearning,6.430,33373.815,21.323,20770,352.309
CrawlerDynamicLearning,6.427,33401.401,20.202,20512,272.156
CrawlerDynamicLearning,6.401,33429.578,20.804,20813,309.561
CrawlerDynamicLearning,6.397,33454.394,17.636,20420,309.672
CrawlerDynamicLearning,6.378,33484.049,22.279,20537,299.299
CrawlerDynamicLearning,6.382,33509.545,18.266,21122,316.066
CrawlerDynamicLearning,6.418,33537.413,20.522,21115,293.394
CrawlerDynamicLearning,6.530,33565.088,20.207,20266,288.692
CrawlerDynamicLearning,6.417,33594.137,21.642,21001,312.768
CrawlerDynamicLearning,6.426,33618.832,17.478,21068,302.619
CrawlerDynamicLearning,6.424,33645.225,19.065,20851,229.665
CrawlerDynamicLearning,6.417,33673.393,20.786,20401,245.438
CrawlerDynamicLearning,6.362,33701.271,20.561,20704,251.958
CrawlerDynamicLearning,6.409,33729.825,21.204,20683,327.521
CrawlerDynamicLearning,6.363,33755.000,18.015,20818,306.908
CrawlerDynamicLearning,6.394,33783.346,21.007,20396,336.278
CrawlerDynamicLearning,6.415,33808.957,18.350,21071,318.331
CrawlerDynamicLearning,6.394,33837.379,21.042,20367,324.282
CrawlerDynamicLearning,6.354,33862.700,18.188,20546,298.173
CrawlerDynamicLearning,6.360,33891.491,21.468,20868,302.300
CrawlerDynamicLearning,6.364,33918.665,19.910,20357,339.652
CrawlerDynamicLearning,6.383,33945.726,19.771,21232,293.432
CrawlerDynamicLearning,6.402,33973.895,20.772,20998,368.695
CrawlerDynamicLearning,6.403,33999.667,18.511,20286,348.785
CrawlerDynamicLearning,6.410,34028.352,21.321,20438,335.185
CrawlerDynamicLearning,6.426,34055.573,19.892,21000,314.243
CrawlerDynamicLearning,6.365,34081.533,18.514,20245,300.177
CrawlerDynamicLearning,6.410,34108.694,19.823,21085,348.979
CrawlerDynamicLearning,6.367,34135.695,19.727,20937,321.044
CrawlerDynamicLearning,6.380,34165.723,22.596,20677,348.859
CrawlerDynamicLearning,6.361,34192.829,19.869,20799,301.001
CrawlerDynamicLearning,6.371,34218.001,17.982,20398,310.507
CrawlerDynamicLearning,6.410,34246.023,20.714,21022,321.491
CrawlerDynamicLearning,6.482,34272.844,19.410,20967,256.448
CrawlerDynamicLearning,6.398,34300.834,20.634,20704,304.723
CrawlerDynamicLearning,6.414,34327.084,18.993,21091,365.664
CrawlerDynamicLearning,6.419,34355.331,20.889,21236,277.785
CrawlerDynamicLearning,6.417,34383.079,20.374,21237,334.307
CrawlerDynamicLearning,6.407,34410.940,20.532,20594,314.987
CrawlerDynamicLearning,6.401,34437.269,19.090,20996,328.436
CrawlerDynamicLearning,6.392,34465.258,20.687,20389,284.107
CrawlerDynamicLearning,6.415,34491.708,19.153,20606,358.792
CrawlerDynamicLearning,6.408,34519.856,20.773,20787,317.192
CrawlerDynamicLearning,6.397,34547.179,20.031,20567,303.890
CrawlerDynamicLearning,6.409,34572.162,17.748,20529,311.375
CrawlerDynamicLearning,6.369,34600.518,21.009,20261,336.444
CrawlerDynamicLearning,6.392,34627.090,19.318,21056,303.719
CrawlerDynamicLearning,6.394,34654.536,20.130,20554,296.656
CrawlerDynamicLearning,6.396,34682.475,20.641,20851,302.038
CrawlerDynamicLearning,6.436,34707.734,17.948,20422,341.457
CrawlerDynamicLearning,6.385,34736.742,21.651,20737,279.423
CrawlerDynamicLearning,6.449,34763.848,19.761,20996,364.020
CrawlerDynamicLearning,6.426,34790.934,19.711,21141,330.276
CrawlerDynamicLearning,6.406,34819.457,21.164,21218,304.069
CrawlerDynamicLearning,6.401,34846.349,19.635,20393,316.686
CrawlerDynamicLearning,6.416,34870.333,16.573,20316,280.980
CrawlerDynamicLearning,6.450,34899.772,21.952,20731,297.205
CrawlerDynamicLearning,6.397,34928.136,20.972,20624,286.605
CrawlerDynamicLearning,6.384,34953.682,18.329,20561,291.032
CrawlerDynamicLearning,6.389,34981.442,20.464,21079,376.596
CrawlerDynamicLearning,6.396,35009.405,20.639,20283,360.073
CrawlerDynamicLearning,6.387,35035.035,18.409,20340,288.463
CrawlerDynamicLearning,6.392,35062.371,20.097,20480,346.685
CrawlerDynamicLearning,6.390,35089.450,19.752,20513,300.533
CrawlerDynamicLearning,6.402,35116.589,19.872,20293,256.000
CrawlerDynamicLearning,6.436,35141.973,18.110,20260,291.244
CrawlerDynamicLearning,6.420,35171.432,22.036,20660,282.800
CrawlerDynamicLearning,6.432,35197.071,18.359,20684,295.524
CrawlerDynamicLearning,6.406,35225.789,21.359,20742,294.103
CrawlerDynamicLearning,6.393,35252.257,19.209,21008,312.687
CrawlerDynamicLearning,6.369,35279.825,20.249,20297,294.006
CrawlerDynamicLearning,6.415,35305.931,18.822,20810,308.449
CrawlerDynamicLearning,6.434,35334.629,21.297,21123,271.205
CrawlerDynamicLearning,6.424,35360.165,18.268,20311,324.119
CrawlerDynamicLearning,6.407,35388.781,21.241,20925,327.195
CrawlerDynamicLearning,6.445,35415.853,19.656,21017,280.488
CrawlerDynamicLearning,6.440,35444.924,21.625,20901,316.463
CrawlerDynamicLearning,6.410,35471.890,19.665,20579,324.247
CrawlerDynamicLearning,6.396,35499.690,20.484,20863,271.371
CrawlerDynamicLearning,6.510,35526.209,19.108,20720,344.450
CrawlerDynamicLearning,6.420,35553.634,20.053,21056,298.019
CrawlerDynamicLearning,6.391,35579.816,18.950,20870,298.996
CrawlerDynamicLearning,6.435,35608.687,21.467,21133,319.533
CrawlerDynamicLearning,6.395,35634.617,18.661,20681,302.281
CrawlerDynamicLearning,6.398,35665.303,22.987,21023,305.062
CrawlerDynamicLearning,6.423,35692.431,19.813,20858,326.961
CrawlerDynamicLearning,6.382,35717.761,18.096,20448,315.260
CrawlerDynamicLearning,6.394,35744.935,19.832,20385,294.020
CrawlerDynamicLearning,6.380,35769.512,17.423,20304,296.908
CrawlerDynamicLearning,6.386,35797.778,20.964,20439,297.961
CrawlerDynamicLearning,6.417,35825.971,20.825,20348,308.933
CrawlerDynamicLearning,6.416,35853.275,20.008,20505,299.948
CrawlerDynamicLearning,6.409,35878.454,17.981,21233,369.518
CrawlerDynamicLearning,6.377,35907.793,21.954,21227,237.159
CrawlerDynamicLearning,6.437,35936.362,21.179,20755,366.823
CrawlerDynamicLearning,6.417,35963.684,19.993,20697,338.755
CrawlerDynamicLearning,6.358,35988.074,17.269,20244,331.791
CrawlerDynamicLearning,6.388,36017.354,21.889,20740,315.824
CrawlerDynamicLearning,6.412,36043.308,18.661,20850,303.702
CrawlerDynamicLearning,6.411,36070.474,19.872,20552,268.537
CrawlerDynamicLearning,6.523,36097.279,19.397,20316,347.412
CrawlerDynamicLearning,6.424,36124.147,19.511,20643,313.370
CrawlerDynamicLearning,6.432,36152.369,20.825,21096,284.153
CrawlerDynamicLearning,6.372,36179.823,20.207,20386,340.339
CrawlerDynamicLearning,6.405,36205.954,18.856,20426,287.065
CrawlerDynamicLearning,6.422,36234.121,20.792,20864,336.052
CrawlerDynamicLearning,6.382,36261.232,19.865,20587,272.444
CrawlerDynamicLearning,6.377,36288.879,20.333,20505,344.976
CrawlerDynamicLearning,6.407,36316.207,20.014,20874,314.962
CrawlerDynamicLearning,6.426,36344.759,21.175,21109,282.705
CrawlerDynamicLearning,6.403,36371.055,18.995,20833,302.182
CrawlerDynamicLearning,6.396,36397.703,19.351,20742,267.292
CrawlerDynamicLearning,6.568,36425.724,20.480,20263,299.214
CrawlerDynamicLearning,6.396,36453.096,19.842,20447,366.830
CrawlerDynamicLearning,6.401,36477.598,17.303,20429,324.326
CrawlerDynamicLearning,6.354,36507.285,22.297,20350,310.579
CrawlerDynamicLearning,6.402,36532.739,18.221,20396,346.318
CrawlerDynamicLearning,6.431,36558.568,18.571,20889,288.541
CrawlerDynamicLearning,6.407,36588.066,22.107,20690,355.171
CrawlerDynamicLearning,6.425,36615.908,20.504,20833,328.331
CrawlerDynamicLearning,6.419,36641.431,18.260,20350,358.853
CrawlerDynamicLearning,6.425,36669.359,20.586,21240,327.499
CrawlerDynamicLearning,6.386,36697.692,20.995,20873,332.488
CrawlerDynamicLearning,6.415,36722.808,17.874,20265,290.627
CrawlerDynamicLearning,6.410,36750.517,20.324,20827,317.629
CrawlerDynamicLearning,6.414,36778.658,20.769,20516,355.448
CrawlerDynamicLearning,6.385,36805.492,19.506,20934,288.612
CrawlerDynamicLearning,6.389,36833.337,20.599,20883,366.483
CrawlerDynamicLearning,6.376,36858.971,18.410,20893,309.462
CrawlerDynamicLearning,6.433,36887.418,21.067,21232,275.907
CrawlerDynamicLearning,6.436,36914.800,20.006,20729,283.492
CrawlerDynamicLearning,6.385,36941.263,19.144,20362,274.198
CrawlerDynamicLearning,6.422,36970.066,21.393,20992,277.901
CrawlerDynamicLearning,6.396,36997.833,20.437,20740,260.907
CrawlerDynamicLearning,6.400,37023.486,18.396,20808,271.967
CrawlerDynamicLearning,6.390,37051.514,20.714,20506,256.928
CrawlerDynamicLearning,6.392,37078.173,19.381,20252,288.818
CrawlerDynamicLearning,6.409,37105.634,20.125,20538,235.579
CrawlerDynamicLearning,6.394,37131.909,19.017,20632,267.777
CrawlerDynamicLearning,6.382,37158.085,18.970,20426,223.493
CrawlerDynamicLearning,6.423,37185.089,19.657,20712,264.215
CrawlerDynamicLearning,6.422,37213.473,20.984,20961,246.388
CrawlerDynamicLearning,6.403,37242.464,21.388,20531,299.246
CrawlerDynamicLearning,6.410,37268.299,18.620,21213,328.611
CrawlerDynamicLearning,6.394,37294.779,19.199,20420,271.636
CrawlerDynamicLearning,6.395,37322.998,20.873,20836,311.973
CrawlerDynamicLearning,6.395,37349.787,19.513,21227,305.290
CrawlerDynamicLearning,6.411,37378.127,20.994,21219,309.419
CrawlerDynamicLearning,6.385,37402.947,17.622,20468,315.734
CrawlerDynamicLearning,6.408,37430.653,20.336,20594,256.977
CrawlerDynamicLearning,6.355,37459.352,21.357,20621,341.310
CrawlerDynamicLearning,6.394,37486.032,19.454,20845,320.610
CrawlerDynamicLearning,6.429,37512.794,19.431,21008,337.628
CrawlerDynamicLearning,6.420,37541.469,21.286,20553,284.770
CrawlerDynamicLearning,6.393,37569.084,20.298,20749,307.350
CrawlerDynamicLearning,6.372,37595.269,18.935,20380,292.915
CrawlerDynamicLearning,6.349,37622.557,20.031,20241,277.301
CrawlerDynamicLearning,6.421,37649.123,19.300,20659,365.395
CrawlerDynamicLearning,6.395,37674.640,18.284,20856,314.399
CrawlerDynamicLearning,6.399,37703.335,21.317,20715,299.634
CrawlerDynamicLearning,6.395,37729.884,19.276,20397,348.119
CrawlerDynamicLearning,6.407,37756.832,19.644,20754,322.383
CrawlerDynamicLearning,6.446,37785.526,21.294,21872,308.054
CrawlerDynamicLearning,6.437,37812.543,19.688,20631,307.043
CrawlerDynamicLearning,6.391,37841.560,21.660,20978,270.128
CrawlerDynamicLearning,6.362,37867.717,18.947,20643,384.343
CrawlerDynamicLearning,6.358,37893.544,18.616,20335,265.159
CrawlerDynamicLearning,6.381,37921.897,21.008,21187,343.746
CrawlerDynamicLearning,6.423,37948.222,19.067,21216,318.958
CrawlerDynamicLearning,6.428,37977.120,21.483,21846,310.933
CrawlerDynamicLearning,6.394,38003.297,18.905,21220,310.384
CrawlerDynamicLearning,6.394,38031.712,20.806,20975,326.984
CrawlerDynamicLearning,6.386,38060.941,21.864,20683,304.350
CrawlerDynamicLearning,6.397,38086.410,18.238,20408,358.134
CrawlerDynamicLearning,6.426,38114.774,20.976,20987,302.880
CrawlerDynamicLearning,6.444,38141.583,19.465,20393,310.333
CrawlerDynamicLearning,6.413,38168.337,19.432,20798,286.419
CrawlerDynamicLearning,6.384,38196.815,21.102,21105,280.364
CrawlerDynamicLearning,6.364,38222.784,18.780,20363,317.596
CrawlerDynamicLearning,6.386,38251.398,21.262,20857,319.199
CrawlerDynamicLearning,6.388,38277.439,18.771,20760,323.409
CrawlerDynamicLearning,6.411,38303.428,18.741,21089,389.225
CrawlerDynamicLearning,6.379,38332.230,21.451,20352,274.746
CrawlerDynamicLearning,6.530,38360.590,20.857,20573,359.651
CrawlerDynamicLearning,6.360,38386.067,18.255,20660,273.798
CrawlerDynamicLearning,6.398,38411.663,18.350,21151,314.710
CrawlerDynamicLearning,6.378,38440.079,21.048,20706,301.910
CrawlerDynamicLearning,6.419,38468.697,21.238,20936,285.459
CrawlerDynamicLearning,6.392,38496.612,20.583,20797,342.052
CrawlerDynamicLearning,6.382,38521.125,17.333,20765,320.208
CrawlerDynamicLearning,6.384,38550.374,21.863,20467,324.104
CrawlerDynamicLearning,6.410,38578.860,21.122,21159,284.038
CrawlerDynamicLearning,6.376,38603.944,17.915,20649,296.753
CrawlerDynamicLearning,6.386,38632.672,21.362,20356,355.539
CrawlerDynamicLearning,6.397,38658.788,18.856,21226,328.277
CrawlerDynamicLearning,6.398,38686.365,20.255,20390,335.130
CrawlerDynamicLearning,6.399,38712.759,19.110,20738,304.061
CrawlerDynamicLearning,6.461,38741.029,20.859,20939,305.414
CrawlerDynamicLearning,6.386,38768.206,19.868,20652,324.742
CrawlerDynamicLearning,6.358,38793.404,18.014,20279,356.974
CrawlerDynamicLearning,6.476,38822.936,21.771,20919,289.286
CrawlerDynamicLearning,6.409,38850.238,19.977,20448,321.467
CrawlerDynamicLearning,6.352,38876.546,19.085,20396,307.250
CrawlerDynamicLearning,6.382,38903.834,19.979,20519,327.713
CrawlerDynamicLearning,6.358,38930.012,18.966,20763,316.952
CrawlerDynamicLearning,6.397,38957.227,19.961,20915,292.872
CrawlerDynamicLearning,6.430,38983.789,19.283,20349,306.328
CrawlerDynamicLearning,6.414,39012.025,20.889,20743,310.145
CrawlerDynamicLearning,6.386,39039.205,19.910,21047,350.601
CrawlerDynamicLearning,6.390,39067.571,21.030,20664,279.931
CrawlerDynamicLearning,6.400,39094.231,19.401,20621,308.354
CrawlerDynamicLearning,6.404,39120.705,19.212,20370,362.210
CrawlerDynamicLearning,6.375,39146.848,18.877,20960,266.788
CrawlerDynamicLearning,6.402,39174.968,20.787,20639,338.652
CrawlerDynamicLearning,6.398,39202.741,20.475,20519,250.837
CrawlerDynamicLearning,6.389,39229.819,19.766,20352,351.123
CrawlerDynamicLearning,6.449,39255.546,18.438,21035,357.121
CrawlerDynamicLearning,6.426,39283.453,20.561,21108,306.345
CrawlerDynamicLearning,6.431,39311.086,20.241,20389,270.397
CrawlerDynamicLearning,6.364,39336.343,18.023,20336,366.732
CrawlerDynamicLearning,6.388,39364.616,20.939,20750,295.202
CrawlerDynamicLearning,6.387,39392.686,20.727,20493,298.546
CrawlerDynamicLearning,6.386,39419.342,19.437,20966,329.088
CrawlerDynamicLearning,6.373,39445.919,19.314,20549,347.443
CrawlerDynamicLearning,6.367,39473.569,20.369,20450,312.490
CrawlerDynamicLearning,6.395,39499.654,18.820,20261,314.625
CrawlerDynamicLearning,6.411,39527.973,20.944,20957,321.705
CrawlerDynamicLearning,6.478,39555.561,20.174,20529,259.639
